ID,Layer Height (mm),Extrusion Temp (°C),Outer Wall Speed (mm/s),Infill Density (%),Wall Thickness (mm),Bed Temp (°C),Fan Speed (%),Surface Angle (°),Ra
Object-1,0.12,190,200,15,0.42,60,80,0,7.887
Object-1,0.12,190,200,15,0.42,60,80,10,19.744
Object-1,0.12,190,200,15,0.42,60,80,20,24.333
Object-1,0.12,190,200,15,0.42,60,80,30,21.370
Object-1,0.12,190,200,15,0.42,60,80,40,18.202
Object-1,0.12,190,200,15,0.42,60,80,50,13.830
Object-1,0.12,190,200,15,0.42,60,80,60,10.060
Object-1,0.12,190,200,15,0.42,60,80,70,8.258
Object-1,0.12,190,200,15,0.42,60,80,80,8.352
Object-1,0.12,190,200,15,0.42,60,80,90,7.725
Object-1,0.12,190,200,15,0.42,60,80,100,7.637
Object-1,0.12,190,200,15,0.42,60,80,110,8.200
Object-1,0.12,190,200,15,0.42,60,80,120,8.843
Object-1,0.12,190,200,15,0.42,60,80,130,10.216
Object-1,0.12,190,200,15,0.42,60,80,140,12.573
Object-1,0.12,190,200,15,0.42,60,80,150,16.061
Object-1,0.12,190,200,15,0.42,60,80,160,27.626
Object-1,0.12,190,200,15,0.42,60,80,170,28.994
Object-2,0.12,210,200,15,0.42,60,80,0,9.164
Object-2,0.12,210,200,15,0.42,60,80,10,17.169
Object-2,0.12,210,200,15,0.42,60,80,20,24.892
Object-2,0.12,210,200,15,0.42,60,80,30,21.225
Object-2,0.12,210,200,15,0.42,60,80,40,17.483
Object-2,0.12,210,200,15,0.42,60,80,50,13.076
Object-2,0.12,210,200,15,0.42,60,80,60,10.408
Object-2,0.12,210,200,15,0.42,60,80,70,8.699
Object-2,0.12,210,200,15,0.42,60,80,80,8.949
Object-2,0.12,210,200,15,0.42,60,80,90,7.830
Object-2,0.12,210,200,15,0.42,60,80,100,8.080
Object-2,0.12,210,200,15,0.42,60,80,110,8.362
Object-2,0.12,210,200,15,0.42,60,80,120,8.825
Object-2,0.12,210,200,15,0.42,60,80,130,10.295
Object-2,0.12,210,200,15,0.42,60,80,140,12.666
Object-2,0.12,210,200,15,0.42,60,80,150,16.215
Object-2,0.12,210,200,15,0.42,60,80,160,28.521
Object-2,0.12,210,200,15,0.42,60,80,170,31.040
Object-3,0.28,190,200,15,0.42,60,80,0,4.367
Object-3,0.28,190,200,15,0.42,60,80,10,19.888
Object-3,0.28,190,200,15,0.42,60,80,20,22.375
Object-3,0.28,190,200,15,0.42,60,80,30,33.251
Object-3,0.28,190,200,15,0.42,60,80,40,33.288
Object-3,0.28,190,200,15,0.42,60,80,50,29.855
Object-3,0.28,190,200,15,0.42,60,80,60,25.296
Object-3,0.28,190,200,15,0.42,60,80,70,25.308
Object-3,0.28,190,200,15,0.42,60,80,80,29.837
Object-3,0.28,190,200,15,0.42,60,80,90,17.963
Object-3,0.28,190,200,15,0.42,60,80,100,19.133
Object-3,0.28,190,200,15,0.42,60,80,110,20.093
Object-3,0.28,190,200,15,0.42,60,80,120,23.082
Object-3,0.28,190,200,15,0.42,60,80,130,28.441
Object-3,0.28,190,200,15,0.42,60,80,140,36.769
Object-3,0.28,190,200,15,0.42,60,80,150,27.898
Object-3,0.28,190,200,15,0.42,60,80,160,30.698
Object-3,0.28,190,200,15,0.42,60,80,170,30.069
Object-4,0.28,210,200,15,0.42,60,80,0,7.589
Object-4,0.28,210,200,15,0.42,60,80,10,36.823
Object-4,0.28,210,200,15,0.42,60,80,20,34.416
Object-4,0.28,210,200,15,0.42,60,80,30,28.434
Object-4,0.28,210,200,15,0.42,60,80,40,25.268
Object-4,0.28,210,200,15,0.42,60,80,50,22.446
Object-4,0.28,210,200,15,0.42,60,80,60,20.642
Object-4,0.28,210,200,15,0.42,60,80,70,20.723
Object-4,0.28,210,200,15,0.42,60,80,80,22.751
Object-4,0.28,210,200,15,0.42,60,80,90,25.368
Object-4,0.28,210,200,15,0.42,60,80,100,28.081
Object-4,0.28,210,200,15,0.42,60,80,110,39.440
Object-4,0.28,210,200,15,0.42,60,80,120,23.406
Object-4,0.28,210,200,15,0.42,60,80,130,26.455
Object-4,0.28,210,200,15,0.42,60,80,140,38.268
Object-4,0.28,210,200,15,0.42,60,80,150,45.235
Object-4,0.28,210,200,15,0.42,60,80,160,30.796
Object-4,0.28,210,200,15,0.42,60,80,170,37.258
Object-5,0.12,200,150,15,0.42,60,80,0,6.668
Object-5,0.12,200,150,15,0.42,60,80,10,18.193
Object-5,0.12,200,150,15,0.42,60,80,20,23.255
Object-5,0.12,200,150,15,0.42,60,80,30,21.286
Object-5,0.12,200,150,15,0.42,60,80,40,18.787
Object-5,0.12,200,150,15,0.42,60,80,50,14.551
Object-5,0.12,200,150,15,0.42,60,80,60,11.278
Object-5,0.12,200,150,15,0.42,60,80,70,8.746
Object-5,0.12,200,150,15,0.42,60,80,80,8.335
Object-5,0.12,200,150,15,0.42,60,80,90,7.740
Object-5,0.12,200,150,15,0.42,60,80,100,7.944
Object-5,0.12,200,150,15,0.42,60,80,110,8.802
Object-5,0.12,200,150,15,0.42,60,80,120,9.726
Object-5,0.12,200,150,15,0.42,60,80,130,10.374
Object-5,0.12,200,150,15,0.42,60,80,140,12.701
Object-5,0.12,200,150,15,0.42,60,80,150,16.305
Object-5,0.12,200,150,15,0.42,60,80,160,26.973
Object-5,0.12,200,150,15,0.42,60,80,170,27.989
Object-6,0.12,200,250,15,0.42,60,80,0,4.423
Object-6,0.12,200,250,15,0.42,60,80,10,17.380
Object-6,0.12,200,250,15,0.42,60,80,20,24.196
Object-6,0.12,200,250,15,0.42,60,80,30,20.914
Object-6,0.12,200,250,15,0.42,60,80,40,17.961
Object-6,0.12,200,250,15,0.42,60,80,50,14.150
Object-6,0.12,200,250,15,0.42,60,80,60,11.279
Object-6,0.12,200,250,15,0.42,60,80,70,9.572
Object-6,0.12,200,250,15,0.42,60,80,80,8.578
Object-6,0.12,200,250,15,0.42,60,80,90,7.943
Object-6,0.12,200,250,15,0.42,60,80,100,11.040
Object-6,0.12,200,250,15,0.42,60,80,110,8.458
Object-6,0.12,200,250,15,0.42,60,80,120,10.102
Object-6,0.12,200,250,15,0.42,60,80,130,10.606
Object-6,0.12,200,250,15,0.42,60,80,140,12.987
Object-6,0.12,200,250,15,0.42,60,80,150,17.407
Object-6,0.12,200,250,15,0.42,60,80,160,26.526
Object-6,0.12,200,250,15,0.42,60,80,170,28.065
Object-7,0.28,200,150,15,0.42,60,80,0,3.803
Object-7,0.28,200,150,15,0.42,60,80,10,40.513
Object-7,0.28,200,150,15,0.42,60,80,20,32.796
Object-7,0.28,200,150,15,0.42,60,80,30,27.734
Object-7,0.28,200,150,15,0.42,60,80,40,25.240
Object-7,0.28,200,150,15,0.42,60,80,50,23.737
Object-7,0.28,200,150,15,0.42,60,80,60,19.959
Object-7,0.28,200,150,15,0.42,60,80,70,23.568
Object-7,0.28,200,150,15,0.42,60,80,80,25.531
Object-7,0.28,200,150,15,0.42,60,80,90,28.194
Object-7,0.28,200,150,15,0.42,60,80,100,32.764
Object-7,0.28,200,150,15,0.42,60,80,110,20.848
Object-7,0.28,200,150,15,0.42,60,80,120,24.587
Object-7,0.28,200,150,15,0.42,60,80,130,25.871
Object-7,0.28,200,150,15,0.42,60,80,140,36.305
Object-7,0.28,200,150,15,0.42,60,80,150,43.979
Object-7,0.28,200,150,15,0.42,60,80,160,26.334
Object-7,0.28,200,150,15,0.42,60,80,170,29.217
Object-8,0.28,200,250,15,0.42,60,80,0,7.194
Object-8,0.28,200,250,15,0.42,60,80,10,38.059
Object-8,0.28,200,250,15,0.42,60,80,20,36.519
Object-8,0.28,200,250,15,0.42,60,80,30,31.351
Object-8,0.28,200,250,15,0.42,60,80,40,26.560
Object-8,0.28,200,250,15,0.42,60,80,50,24.185
Object-8,0.28,200,250,15,0.42,60,80,60,20.502
Object-8,0.28,200,250,15,0.42,60,80,70,21.795
Object-8,0.28,200,250,15,0.42,60,80,80,22.562
Object-8,0.28,200,250,15,0.42,60,80,90,25.012
Object-8,0.28,200,250,15,0.42,60,80,100,27.163
Object-8,0.28,200,250,15,0.42,60,80,110,21.385
Object-8,0.28,200,250,15,0.42,60,80,120,24.436
Object-8,0.28,200,250,15,0.42,60,80,130,24.218
Object-8,0.28,200,250,15,0.42,60,80,140,36.144
Object-8,0.28,200,250,15,0.42,60,80,150,42.139
Object-8,0.28,200,250,15,0.42,60,80,160,22.928
Object-8,0.28,200,250,15,0.42,60,80,170,35.820
Object-9,0.12,200,200,5,0.42,60,80,0,4.205
Object-9,0.12,200,200,5,0.42,60,80,10,17.481
Object-9,0.12,200,200,5,0.42,60,80,20,24.021
Object-9,0.12,200,200,5,0.42,60,80,30,20.428
Object-9,0.12,200,200,5,0.42,60,80,40,17.603
Object-9,0.12,200,200,5,0.42,60,80,50,14.766
Object-9,0.12,200,200,5,0.42,60,80,60,11.602
Object-9,0.12,200,200,5,0.42,60,80,70,9.273
Object-9,0.12,200,200,5,0.42,60,80,80,9.185
Object-9,0.12,200,200,5,0.42,60,80,90,8.117
Object-9,0.12,200,200,5,0.42,60,80,100,8.256
Object-9,0.12,200,200,5,0.42,60,80,110,8.422
Object-9,0.12,200,200,5,0.42,60,80,120,9.123
Object-9,0.12,200,200,5,0.42,60,80,130,10.158
Object-9,0.12,200,200,5,0.42,60,80,140,12.875
Object-9,0.12,200,200,5,0.42,60,80,150,16.913
Object-9,0.12,200,200,5,0.42,60,80,160,28.535
Object-9,0.12,200,200,5,0.42,60,80,170,25.385
Object-10,0.12,200,200,25,0.42,60,80,0,11.394
Object-10,0.12,200,200,25,0.42,60,80,10,23.013
Object-10,0.12,200,200,25,0.42,60,80,20,20.635
Object-10,0.12,200,200,25,0.42,60,80,30,18.026
Object-10,0.12,200,200,25,0.42,60,80,40,14.849
Object-10,0.12,200,200,25,0.42,60,80,50,11.483
Object-10,0.12,200,200,25,0.42,60,80,60,9.830
Object-10,0.12,200,200,25,0.42,60,80,70,8.535
Object-10,0.12,200,200,25,0.42,60,80,80,7.732
Object-10,0.12,200,200,25,0.42,60,80,90,8.634
Object-10,0.12,200,200,25,0.42,60,80,100,8.322
Object-10,0.12,200,200,25,0.42,60,80,110,8.984
Object-10,0.12,200,200,25,0.42,60,80,120,10.817
Object-10,0.12,200,200,25,0.42,60,80,130,14.467
Object-10,0.12,200,200,25,0.42,60,80,140,16.607
Object-10,0.12,200,200,25,0.42,60,80,150,28.216
Object-10,0.12,200,200,25,0.42,60,80,160,27.182
Object-10,0.12,200,200,25,0.42,60,80,170,27.033
Object-11,0.28,200,200,5,0.42,60,80,0,6.787
Object-11,0.28,200,200,5,0.42,60,80,10,41.124
Object-11,0.28,200,200,5,0.42,60,80,20,40.753
Object-11,0.28,200,200,5,0.42,60,80,30,33.109
Object-11,0.28,200,200,5,0.42,60,80,40,29.710
Object-11,0.28,200,200,5,0.42,60,80,50,24.806
Object-11,0.28,200,200,5,0.42,60,80,60,22.593
Object-11,0.28,200,200,5,0.42,60,80,70,19.469
Object-11,0.28,200,200,5,0.42,60,80,80,21.493
Object-11,0.28,200,200,5,0.42,60,80,90,22.946
Object-11,0.28,200,200,5,0.42,60,80,100,25.140
Object-11,0.28,200,200,5,0.42,60,80,110,28.397
Object-11,0.28,200,200,5,0.42,60,80,120,25.353
Object-11,0.28,200,200,5,0.42,60,80,130,23.417
Object-11,0.28,200,200,5,0.42,60,80,140,36.419
Object-11,0.28,200,200,5,0.42,60,80,150,46.236
Object-11,0.28,200,200,5,0.42,60,80,160,29.227
Object-11,0.28,200,200,5,0.42,60,80,170,35.474
Object-12,0.28,200,200,25,0.42,60,80,0,6.281
Object-12,0.28,200,200,25,0.42,60,80,10,43.492
Object-12,0.28,200,200,25,0.42,60,80,20,40.899
Object-12,0.28,200,200,25,0.42,60,80,30,36.156
Object-12,0.28,200,200,25,0.42,60,80,40,31.112
Object-12,0.28,200,200,25,0.42,60,80,50,26.951
Object-12,0.28,200,200,25,0.42,60,80,60,23.832
Object-12,0.28,200,200,25,0.42,60,80,70,20.952
Object-12,0.28,200,200,25,0.42,60,80,80,21.295
Object-12,0.28,200,200,25,0.42,60,80,90,23.708
Object-12,0.28,200,200,25,0.42,60,80,100,28.472
Object-12,0.28,200,200,25,0.42,60,80,110,28.510
Object-12,0.28,200,200,25,0.42,60,80,120,24.102
Object-12,0.28,200,200,25,0.42,60,80,130,22.813
Object-12,0.28,200,200,25,0.42,60,80,140,37.443
Object-12,0.28,200,200,25,0.42,60,80,150,43.824
Object-12,0.28,200,200,25,0.42,60,80,160,27.367
Object-12,0.28,200,200,25,0.42,60,80,170,36.091
Object-13,0.12,200,200,15,0.36,60,80,0,7.419
Object-13,0.12,200,200,15,0.36,60,80,10,19.082
Object-13,0.12,200,200,15,0.36,60,80,20,24.031
Object-13,0.12,200,200,15,0.36,60,80,30,22.343
Object-13,0.12,200,200,15,0.36,60,80,40,19.908
Object-13,0.12,200,200,15,0.36,60,80,50,16.264
Object-13,0.12,200,200,15,0.36,60,80,60,12.290
Object-13,0.12,200,200,15,0.36,60,80,70,9.249
Object-13,0.12,200,200,15,0.36,60,80,80,9.266
Object-13,0.12,200,200,15,0.36,60,80,90,7.595
Object-13,0.12,200,200,15,0.36,60,80,100,7.925
Object-13,0.12,200,200,15,0.36,60,80,110,7.958
Object-13,0.12,200,200,15,0.36,60,80,120,8.490
Object-13,0.12,200,200,15,0.36,60,80,130,10.419
Object-13,0.12,200,200,15,0.36,60,80,140,12.953
Object-13,0.12,200,200,15,0.36,60,80,150,16.587
Object-13,0.12,200,200,15,0.36,60,80,160,27.323
Object-13,0.12,200,200,15,0.36,60,80,170,25.777
Object-14,0.12,200,200,15,0.48,60,80,0,5.262
Object-14,0.12,200,200,15,0.48,60,80,10,19.861
Object-14,0.12,200,200,15,0.48,60,80,20,23.315
Object-14,0.12,200,200,15,0.48,60,80,30,20.730
Object-14,0.12,200,200,15,0.48,60,80,40,17.006
Object-14,0.12,200,200,15,0.48,60,80,50,12.774
Object-14,0.12,200,200,15,0.48,60,80,60,10.032
Object-14,0.12,200,200,15,0.48,60,80,70,8.892
Object-14,0.12,200,200,15,0.48,60,80,80,8.991
Object-14,0.12,200,200,15,0.48,60,80,90,8.156
Object-14,0.12,200,200,15,0.48,60,80,100,8.110
Object-14,0.12,200,200,15,0.48,60,80,110,8.182
Object-14,0.12,200,200,15,0.48,60,80,120,9.068
Object-14,0.12,200,200,15,0.48,60,80,130,10.427
Object-14,0.12,200,200,15,0.48,60,80,140,12.754
Object-14,0.12,200,200,15,0.48,60,80,150,16.969
Object-14,0.12,200,200,15,0.48,60,80,160,26.769
Object-14,0.12,200,200,15,0.48,60,80,170,26.876
Object-15,0.28,200,200,15,0.36,60,80,0,6.533
Object-15,0.28,200,200,15,0.36,60,80,10,40.787
Object-15,0.28,200,200,15,0.36,60,80,20,32.811
Object-15,0.28,200,200,15,0.36,60,80,30,30.277
Object-15,0.28,200,200,15,0.36,60,80,40,25.730
Object-15,0.28,200,200,15,0.36,60,80,50,23.267
Object-15,0.28,200,200,15,0.36,60,80,60,23.299
Object-15,0.28,200,200,15,0.36,60,80,70,20.909
Object-15,0.28,200,200,15,0.36,60,80,80,24.480
Object-15,0.28,200,200,15,0.36,60,80,90,24.753
Object-15,0.28,200,200,15,0.36,60,80,100,33.018
Object-15,0.28,200,200,15,0.36,60,80,110,22.045
Object-15,0.28,200,200,15,0.36,60,80,120,25.381
Object-15,0.28,200,200,15,0.36,60,80,130,25.028
Object-15,0.28,200,200,15,0.36,60,80,140,39.503
Object-15,0.28,200,200,15,0.36,60,80,150,42.773
Object-15,0.28,200,200,15,0.36,60,80,160,31.055
Object-15,0.28,200,200,15,0.36,60,80,170,39.528
Object-16,0.28,200,200,15,0.48,60,80,0,7.564
Object-16,0.28,200,200,15,0.48,60,80,10,38.335
Object-16,0.28,200,200,15,0.48,60,80,20,34.608
Object-16,0.28,200,200,15,0.48,60,80,30,28.002
Object-16,0.28,200,200,15,0.48,60,80,40,25.534
Object-16,0.28,200,200,15,0.48,60,80,50,22.356
Object-16,0.28,200,200,15,0.48,60,80,60,20.034
Object-16,0.28,200,200,15,0.48,60,80,70,20.575
Object-16,0.28,200,200,15,0.48,60,80,80,22.786
Object-16,0.28,200,200,15,0.48,60,80,90,24.803
Object-16,0.28,200,200,15,0.48,60,80,100,26.241
Object-16,0.28,200,200,15,0.48,60,80,110,20.540
Object-16,0.28,200,200,15,0.48,60,80,120,22.448
Object-16,0.28,200,200,15,0.48,60,80,130,22.761
Object-16,0.28,200,200,15,0.48,60,80,140,35.399
Object-16,0.28,200,200,15,0.48,60,80,150,45.476
Object-16,0.28,200,200,15,0.48,60,80,160,24.539
Object-16,0.28,200,200,15,0.48,60,80,170,29.566
Object-17,0.12,200,200,15,0.42,55,80,0,7.766
Object-17,0.12,200,200,15,0.42,55,80,10,16.503
Object-17,0.12,200,200,15,0.42,55,80,20,23.221
Object-17,0.12,200,200,15,0.42,55,80,30,21.496
Object-17,0.12,200,200,15,0.42,55,80,40,18.095
Object-17,0.12,200,200,15,0.42,55,80,50,14.834
Object-17,0.12,200,200,15,0.42,55,80,60,11.011
Object-17,0.12,200,200,15,0.42,55,80,70,8.845
Object-17,0.12,200,200,15,0.42,55,80,80,8.565
Object-17,0.12,200,200,15,0.42,55,80,90,7.975
Object-17,0.12,200,200,15,0.42,55,80,100,7.745
Object-17,0.12,200,200,15,0.42,55,80,110,8.120
Object-17,0.12,200,200,15,0.42,55,80,120,9.090
Object-17,0.12,200,200,15,0.42,55,80,130,10.440
Object-17,0.12,200,200,15,0.42,55,80,140,12.696
Object-17,0.12,200,200,15,0.42,55,80,150,16.352
Object-17,0.12,200,200,15,0.42,55,80,160,26.719
Object-17,0.12,200,200,15,0.42,55,80,170,24.214
Object-18,0.12,200,200,15,0.42,65,80,0,6.969
Object-18,0.12,200,200,15,0.42,65,80,10,16.608
Object-18,0.12,200,200,15,0.42,65,80,20,23.356
Object-18,0.12,200,200,15,0.42,65,80,30,21.072
Object-18,0.12,200,200,15,0.42,65,80,40,17.337
Object-18,0.12,200,200,15,0.42,65,80,50,14.457
Object-18,0.12,200,200,15,0.42,65,80,60,10.892
Object-18,0.12,200,200,15,0.42,65,80,70,9.167
Object-18,0.12,200,200,15,0.42,65,80,80,8.454
Object-18,0.12,200,200,15,0.42,65,80,90,7.824
Object-18,0.12,200,200,15,0.42,65,80,100,8.860
Object-18,0.12,200,200,15,0.42,65,80,110,8.646
Object-18,0.12,200,200,15,0.42,65,80,120,9.048
Object-18,0.12,200,200,15,0.42,65,80,130,10.482
Object-18,0.12,200,200,15,0.42,65,80,140,13.033
Object-18,0.12,200,200,15,0.42,65,80,150,17.307
Object-18,0.12,200,200,15,0.42,65,80,160,27.541
Object-18,0.12,200,200,15,0.42,65,80,170,25.327
Object-19,0.28,200,200,15,0.42,55,80,0,4.039
Object-19,0.28,200,200,15,0.42,55,80,10,39.152
Object-19,0.28,200,200,15,0.42,55,80,20,32.913
Object-19,0.28,200,200,15,0.42,55,80,30,28.276
Object-19,0.28,200,200,15,0.42,55,80,40,25.419
Object-19,0.28,200,200,15,0.42,55,80,50,22.441
Object-19,0.28,200,200,15,0.42,55,80,60,19.639
Object-19,0.28,200,200,15,0.42,55,80,70,19.038
Object-19,0.28,200,200,15,0.42,55,80,80,22.631
Object-19,0.28,200,200,15,0.42,55,80,90,23.436
Object-19,0.28,200,200,15,0.42,55,80,100,28.817
Object-19,0.28,200,200,15,0.42,55,80,110,20.434
Object-19,0.28,200,200,15,0.42,55,80,120,21.430
Object-19,0.28,200,200,15,0.42,55,80,130,20.478
Object-19,0.28,200,200,15,0.42,55,80,140,36.768
Object-19,0.28,200,200,15,0.42,55,80,150,46.340
Object-19,0.28,200,200,15,0.42,55,80,160,28.281
Object-19,0.28,200,200,15,0.42,55,80,170,38.781
Object-20,0.28,200,200,15,0.42,65,80,0,6.891
Object-20,0.28,200,200,15,0.42,65,80,10,40.096
Object-20,0.28,200,200,15,0.42,65,80,20,35.826
Object-20,0.28,200,200,15,0.42,65,80,30,31.651
Object-20,0.28,200,200,15,0.42,65,80,40,26.960
Object-20,0.28,200,200,15,0.42,65,80,50,24.927
Object-20,0.28,200,200,15,0.42,65,80,60,20.821
Object-20,0.28,200,200,15,0.42,65,80,70,21.974
Object-20,0.28,200,200,15,0.42,65,80,80,23.566
Object-20,0.28,200,200,15,0.42,65,80,90,28.352
Object-20,0.28,200,200,15,0.42,65,80,100,29.252
Object-20,0.28,200,200,15,0.42,65,80,110,21.708
Object-20,0.28,200,200,15,0.42,65,80,120,25.944
Object-20,0.28,200,200,15,0.42,65,80,130,25.018
Object-20,0.28,200,200,15,0.42,65,80,140,37.902
Object-20,0.28,200,200,15,0.42,65,80,150,45.510
Object-20,0.28,200,200,15,0.42,65,80,160,26.240
Object-20,0.28,200,200,15,0.42,65,80,170,29.732
Object-21,0.12,200,200,15,0.42,60,60,0,6.876
Object-21,0.12,200,200,15,0.42,60,60,10,17.959
Object-21,0.12,200,200,15,0.42,60,60,20,21.651
Object-21,0.12,200,200,15,0.42,60,60,30,20.656
Object-21,0.12,200,200,15,0.42,60,60,40,17.747
Object-21,0.12,200,200,15,0.42,60,60,50,14.492
Object-21,0.12,200,200,15,0.42,60,60,60,11.272
Object-21,0.12,200,200,15,0.42,60,60,70,9.018
Object-21,0.12,200,200,15,0.42,60,60,80,8.108
Object-21,0.12,200,200,15,0.42,60,60,90,7.450
Object-21,0.12,200,200,15,0.42,60,60,100,8.391
Object-21,0.12,200,200,15,0.42,60,60,110,8.213
Object-21,0.12,200,200,15,0.42,60,60,120,8.642
Object-21,0.12,200,200,15,0.42,60,60,130,10.493
Object-21,0.12,200,200,15,0.42,60,60,140,12.860
Object-21,0.12,200,200,15,0.42,60,60,150,15.827
Object-21,0.12,200,200,15,0.42,60,60,160,26.338
Object-21,0.12,200,200,15,0.42,60,60,170,25.795
Object-22,0.12,200,200,15,0.42,60,100,0,5.029
Object-22,0.12,200,200,15,0.42,60,100,10,15.499
Object-22,0.12,200,200,15,0.42,60,100,20,24.291
Object-22,0.12,200,200,15,0.42,60,100,30,21.354
Object-22,0.12,200,200,15,0.42,60,100,40,17.926
Object-22,0.12,200,200,15,0.42,60,100,50,14.123
Object-22,0.12,200,200,15,0.42,60,100,60,11.070
Object-22,0.12,200,200,15,0.42,60,100,70,9.527
Object-22,0.12,200,200,15,0.42,60,100,80,9.761
Object-22,0.12,200,200,15,0.42,60,100,90,7.877
Object-22,0.12,200,200,15,0.42,60,100,100,9.015
Object-22,0.12,200,200,15,0.42,60,100,110,8.568
Object-22,0.12,200,200,15,0.42,60,100,120,9.942
Object-22,0.12,200,200,15,0.42,60,100,130,10.683
Object-22,0.12,200,200,15,0.42,60,100,140,13.328
Object-22,0.12,200,200,15,0.42,60,100,150,16.924
Object-22,0.12,200,200,15,0.42,60,100,160,26.377
Object-22,0.12,200,200,15,0.42,60,100,170,24.308
Object-23,0.28,200,200,15,0.42,60,60,0,3.421
Object-23,0.28,200,200,15,0.42,60,60,10,40.113
Object-23,0.28,200,200,15,0.42,60,60,20,37.293
Object-23,0.28,200,200,15,0.42,60,60,30,29.299
Object-23,0.28,200,200,15,0.42,60,60,40,26.423
Object-23,0.28,200,200,15,0.42,60,60,50,23.018
Object-23,0.28,200,200,15,0.42,60,60,60,21.593
Object-23,0.28,200,200,15,0.42,60,60,70,18.511
Object-23,0.28,200,200,15,0.42,60,60,80,18.409
Object-23,0.28,200,200,15,0.42,60,60,90,20.644
Object-23,0.28,200,200,15,0.42,60,60,100,27.625
Object-23,0.28,200,200,15,0.42,60,60,110,24.495
Object-23,0.28,200,200,15,0.42,60,60,120,22.330
Object-23,0.28,200,200,15,0.42,60,60,130,22.206
Object-23,0.28,200,200,15,0.42,60,60,140,35.301
Object-23,0.28,200,200,15,0.42,60,60,150,43.912
Object-23,0.28,200,200,15,0.42,60,60,160,25.521
Object-23,0.28,200,200,15,0.42,60,60,170,29.054
Object-24,0.28,200,200,15,0.42,60,100,0,7.219
Object-24,0.28,200,200,15,0.42,60,100,10,38.317
Object-24,0.28,200,200,15,0.42,60,100,20,39.210
Object-24,0.28,200,200,15,0.42,60,100,30,36.343
Object-24,0.28,200,200,15,0.42,60,100,40,30.640
Object-24,0.28,200,200,15,0.42,60,100,50,27.126
Object-24,0.28,200,200,15,0.42,60,100,60,24.147
Object-24,0.28,200,200,15,0.42,60,100,70,21.930
Object-24,0.28,200,200,15,0.42,60,100,80,21.142
Object-24,0.28,200,200,15,0.42,60,100,90,24.092
Object-24,0.28,200,200,15,0.42,60,100,100,30.507
Object-24,0.28,200,200,15,0.42,60,100,110,23.728
Object-24,0.28,200,200,15,0.42,60,100,120,25.138
Object-24,0.28,200,200,15,0.42,60,100,130,25.454
Object-24,0.28,200,200,15,0.42,60,100,140,38.536
Object-24,0.28,200,200,15,0.42,60,100,150,45.596
Object-24,0.28,200,200,15,0.42,60,100,160,27.819
Object-24,0.28,200,200,15,0.42,60,100,170,32.518
Object-25,0.20,190,150,15,0.42,60,80,0,6.327
Object-25,0.20,190,150,15,0.42,60,80,10,17.767
Object-25,0.20,190,150,15,0.42,60,80,20,34.091
Object-25,0.20,190,150,15,0.42,60,80,30,28.495
Object-25,0.20,190,150,15,0.42,60,80,40,27.607
Object-25,0.20,190,150,15,0.42,60,80,50,24.527
Object-25,0.20,190,150,15,0.42,60,80,60,20.388
Object-25,0.20,190,150,15,0.42,60,80,70,16.826
Object-25,0.20,190,150,15,0.42,60,80,80,14.155
Object-25,0.20,190,150,15,0.42,60,80,90,12.853
Object-25,0.20,190,150,15,0.42,60,80,100,13.467
Object-25,0.20,190,150,15,0.42,60,80,110,14.039
Object-25,0.20,190,150,15,0.42,60,80,120,15.305
Object-25,0.20,190,150,15,0.42,60,80,130,17.914
Object-25,0.20,190,150,15,0.42,60,80,140,21.404
Object-25,0.20,190,150,15,0.42,60,80,150,32.923
Object-25,0.20,190,150,15,0.42,60,80,160,21.367
Object-25,0.20,190,150,15,0.42,60,80,170,25.352
Object-26,0.20,190,250,15,0.42,60,80,0,3.786
Object-26,0.20,190,250,15,0.42,60,80,10,17.561
Object-26,0.20,190,250,15,0.42,60,80,20,34.157
Object-26,0.20,190,250,15,0.42,60,80,30,28.823
Object-26,0.20,190,250,15,0.42,60,80,40,28.228
Object-26,0.20,190,250,15,0.42,60,80,50,24.553
Object-26,0.20,190,250,15,0.42,60,80,60,19.728
Object-26,0.20,190,250,15,0.42,60,80,70,15.754
Object-26,0.20,190,250,15,0.42,60,80,80,12.830
Object-26,0.20,190,250,15,0.42,60,80,90,13.543
Object-26,0.20,190,250,15,0.42,60,80,100,12.473
Object-26,0.20,190,250,15,0.42,60,80,110,13.860
Object-26,0.20,190,250,15,0.42,60,80,120,15.227
Object-26,0.20,190,250,15,0.42,60,80,130,18.911
Object-26,0.20,190,250,15,0.42,60,80,140,20.528
Object-26,0.20,190,250,15,0.42,60,80,150,32.963
Object-26,0.20,190,250,15,0.42,60,80,160,20.754
Object-26,0.20,190,250,15,0.42,60,80,170,22.482
Object-27,0.20,210,150,15,0.42,60,80,0,5.530
Object-27,0.20,210,150,15,0.42,60,80,10,15.917
Object-27,0.20,210,150,15,0.42,60,80,20,29.319
Object-27,0.20,210,150,15,0.42,60,80,30,31.256
Object-27,0.20,210,150,15,0.42,60,80,40,22.137
Object-27,0.20,210,150,15,0.42,60,80,50,17.064
Object-27,0.20,210,150,15,0.42,60,80,60,14.016
Object-27,0.20,210,150,15,0.42,60,80,70,14.084
Object-27,0.20,210,150,15,0.42,60,80,80,10.213
Object-27,0.20,210,150,15,0.42,60,80,90,13.945
Object-27,0.20,210,150,15,0.42,60,80,100,14.752
Object-27,0.20,210,150,15,0.42,60,80,110,16.040
Object-27,0.20,210,150,15,0.42,60,80,120,18.335
Object-27,0.20,210,150,15,0.42,60,80,130,24.843
Object-27,0.20,210,150,15,0.42,60,80,140,31.774
Object-27,0.20,210,150,15,0.42,60,80,150,23.215
Object-27,0.20,210,150,15,0.42,60,80,160,21.190
Object-27,0.20,210,150,15,0.42,60,80,170,20.903
Object-28,0.20,210,250,15,0.42,60,80,0,7.143
Object-28,0.20,210,250,15,0.42,60,80,10,16.661
Object-28,0.20,210,250,15,0.42,60,80,20,27.175
Object-28,0.20,210,250,15,0.42,60,80,30,31.499
Object-28,0.20,210,250,15,0.42,60,80,40,29.972
Object-28,0.20,210,250,15,0.42,60,80,50,21.926
Object-28,0.20,210,250,15,0.42,60,80,60,18.107
Object-28,0.20,210,250,15,0.42,60,80,70,14.486
Object-28,0.20,210,250,15,0.42,60,80,80,13.168
Object-28,0.20,210,250,15,0.42,60,80,90,12.432
Object-28,0.20,210,250,15,0.42,60,80,100,12.746
Object-28,0.20,210,250,15,0.42,60,80,110,13.170
Object-28,0.20,210,250,15,0.42,60,80,120,14.730
Object-28,0.20,210,250,15,0.42,60,80,130,18.044
Object-28,0.20,210,250,15,0.42,60,80,140,21.986
Object-28,0.20,210,250,15,0.42,60,80,150,35.440
Object-28,0.20,210,250,15,0.42,60,80,160,23.744
Object-28,0.20,210,250,15,0.42,60,80,170,31.193
Object-29,0.20,190,200,5,0.42,60,80,0,7.229
Object-29,0.20,190,200,5,0.42,60,80,10,20.247
Object-29,0.20,190,200,5,0.42,60,80,20,27.648
Object-29,0.20,190,200,5,0.42,60,80,30,32.538
Object-29,0.20,190,200,5,0.42,60,80,40,28.193
Object-29,0.20,190,200,5,0.42,60,80,50,22.510
Object-29,0.20,190,200,5,0.42,60,80,60,18.808
Object-29,0.20,190,200,5,0.42,60,80,70,16.311
Object-29,0.20,190,200,5,0.42,60,80,80,14.606
Object-29,0.20,190,200,5,0.42,60,80,90,12.817
Object-29,0.20,190,200,5,0.42,60,80,100,13.023
Object-29,0.20,190,200,5,0.42,60,80,110,14.781
Object-29,0.20,190,200,5,0.42,60,80,120,15.147
Object-29,0.20,190,200,5,0.42,60,80,130,18.172
Object-29,0.20,190,200,5,0.42,60,80,140,22.299
Object-29,0.20,190,200,5,0.42,60,80,150,35.535
Object-29,0.20,190,200,5,0.42,60,80,160,21.423
Object-29,0.20,190,200,5,0.42,60,80,170,21.649
Object-30,0.20,190,200,25,0.42,60,80,0,8.620
Object-30,0.20,190,200,25,0.42,60,80,10,19.719
Object-30,0.20,190,200,25,0.42,60,80,20,29.321
Object-30,0.20,190,200,25,0.42,60,80,30,31.079
Object-30,0.20,190,200,25,0.42,60,80,40,28.271
Object-30,0.20,190,200,25,0.42,60,80,50,21.991
Object-30,0.20,190,200,25,0.42,60,80,60,17.894
Object-30,0.20,190,200,25,0.42,60,80,70,15.222
Object-30,0.20,190,200,25,0.42,60,80,80,13.829
Object-30,0.20,190,200,25,0.42,60,80,90,12.318
Object-30,0.20,190,200,25,0.42,60,80,100,13.577
Object-30,0.20,190,200,25,0.42,60,80,110,14.124
Object-30,0.20,190,200,25,0.42,60,80,120,14.927
Object-30,0.20,190,200,25,0.42,60,80,130,17.842
Object-30,0.20,190,200,25,0.42,60,80,140,22.291
Object-30,0.20,190,200,25,0.42,60,80,150,34.750
Object-30,0.20,190,200,25,0.42,60,80,160,22.142
Object-30,0.20,190,200,25,0.42,60,80,170,23.062
Object-31,0.20,210,200,5,0.42,60,80,0,14.959
Object-31,0.20,210,200,5,0.42,60,80,10,17.096
Object-31,0.20,210,200,5,0.42,60,80,20,32.820
Object-31,0.20,210,200,5,0.42,60,80,30,33.851
Object-31,0.20,210,200,5,0.42,60,80,40,31.875
Object-31,0.20,210,200,5,0.42,60,80,50,26.263
Object-31,0.20,210,200,5,0.42,60,80,60,21.876
Object-31,0.20,210,200,5,0.42,60,80,70,18.105
Object-31,0.20,210,200,5,0.42,60,80,80,14.094
Object-31,0.20,210,200,5,0.42,60,80,90,13.571
Object-31,0.20,210,200,5,0.42,60,80,100,12.556
Object-31,0.20,210,200,5,0.42,60,80,110,13.369
Object-31,0.20,210,200,5,0.42,60,80,120,15.397
Object-31,0.20,210,200,5,0.42,60,80,130,17.936
Object-31,0.20,210,200,5,0.42,60,80,140,22.053
Object-31,0.20,210,200,5,0.42,60,80,150,28.757
Object-31,0.20,210,200,5,0.42,60,80,160,32.873
Object-31,0.20,210,200,5,0.42,60,80,170,43.165
Object-32,0.20,210,200,25,0.42,60,80,0,4.577
Object-32,0.20,210,200,25,0.42,60,80,10,15.844
Object-32,0.20,210,200,25,0.42,60,80,20,30.098
Object-32,0.20,210,200,25,0.42,60,80,30,31.713
Object-32,0.20,210,200,25,0.42,60,80,40,25.716
Object-32,0.20,210,200,25,0.42,60,80,50,22.265
Object-32,0.20,210,200,25,0.42,60,80,60,18.117
Object-32,0.20,210,200,25,0.42,60,80,70,15.010
Object-32,0.20,210,200,25,0.42,60,80,80,13.130
Object-32,0.20,210,200,25,0.42,60,80,90,9.844
Object-32,0.20,210,200,25,0.42,60,80,100,13.326
Object-32,0.20,210,200,25,0.42,60,80,110,14.825
Object-32,0.20,210,200,25,0.42,60,80,120,16.086
Object-32,0.20,210,200,25,0.42,60,80,130,18.924
Object-32,0.20,210,200,25,0.42,60,80,140,23.691
Object-32,0.20,210,200,25,0.42,60,80,150,34.603
Object-32,0.20,210,200,25,0.42,60,80,160,22.802
Object-32,0.20,210,200,25,0.42,60,80,170,21.226
Object-33,0.20,190,200,15,0.36,60,80,0,23.060
Object-33,0.20,190,200,15,0.36,60,80,10,15.534
Object-33,0.20,190,200,15,0.36,60,80,20,30.958
Object-33,0.20,190,200,15,0.36,60,80,30,30.500
Object-33,0.20,190,200,15,0.36,60,80,40,30.596
Object-33,0.20,190,200,15,0.36,60,80,50,30.858
Object-33,0.20,190,200,15,0.36,60,80,60,29.052
Object-33,0.20,190,200,15,0.36,60,80,70,20.250
Object-33,0.20,190,200,15,0.36,60,80,80,15.056
Object-33,0.20,190,200,15,0.36,60,80,90,13.572
Object-33,0.20,190,200,15,0.36,60,80,100,12.978
Object-33,0.20,190,200,15,0.36,60,80,110,13.741
Object-33,0.20,190,200,15,0.36,60,80,120,16.015
Object-33,0.20,190,200,15,0.36,60,80,130,17.616
Object-33,0.20,190,200,15,0.36,60,80,140,22.265
Object-33,0.20,190,200,15,0.36,60,80,150,28.443
Object-33,0.20,190,200,15,0.36,60,80,160,34.014
Object-33,0.20,190,200,15,0.36,60,80,170,42.939
Object-34,0.20,190,200,15,0.48,60,80,0,11.164
Object-34,0.20,190,200,15,0.48,60,80,10,18.552
Object-34,0.20,190,200,15,0.48,60,80,20,31.582
Object-34,0.20,190,200,15,0.48,60,80,30,28.278
Object-34,0.20,190,200,15,0.48,60,80,40,27.115
Object-34,0.20,190,200,15,0.48,60,80,50,23.078
Object-34,0.20,190,200,15,0.48,60,80,60,19.209
Object-34,0.20,190,200,15,0.48,60,80,70,16.079
Object-34,0.20,190,200,15,0.48,60,80,80,13.843
Object-34,0.20,190,200,15,0.48,60,80,90,12.937
Object-34,0.20,190,200,15,0.48,60,80,100,14.035
Object-34,0.20,190,200,15,0.48,60,80,110,13.889
Object-34,0.20,190,200,15,0.48,60,80,120,15.149
Object-34,0.20,190,200,15,0.48,60,80,130,17.665
Object-34,0.20,190,200,15,0.48,60,80,140,22.275
Object-34,0.20,190,200,15,0.48,60,80,150,28.781
Object-34,0.20,190,200,15,0.48,60,80,160,22.878
Object-34,0.20,190,200,15,0.48,60,80,170,22.043
Object-35,0.20,210,200,15,0.36,60,80,0,3.354
Object-35,0.20,210,200,15,0.36,60,80,10,17.932
Object-35,0.20,210,200,15,0.36,60,80,20,33.402
Object-35,0.20,210,200,15,0.36,60,80,30,28.417
Object-35,0.20,210,200,15,0.36,60,80,40,31.139
Object-35,0.20,210,200,15,0.36,60,80,50,27.364
Object-35,0.20,210,200,15,0.36,60,80,60,22.160
Object-35,0.20,210,200,15,0.36,60,80,70,18.471
Object-35,0.20,210,200,15,0.36,60,80,80,15.062
Object-35,0.20,210,200,15,0.36,60,80,90,12.981
Object-35,0.20,210,200,15,0.36,60,80,100,15.026
Object-35,0.20,210,200,15,0.36,60,80,110,13.630
Object-35,0.20,210,200,15,0.36,60,80,120,15.685
Object-35,0.20,210,200,15,0.36,60,80,130,17.648
Object-35,0.20,210,200,15,0.36,60,80,140,23.704
Object-35,0.20,210,200,15,0.36,60,80,150,34.710
Object-35,0.20,210,200,15,0.36,60,80,160,20.565
Object-35,0.20,210,200,15,0.36,60,80,170,22.575
Object-36,0.20,210,200,15,0.48,60,80,0,12.963
Object-36,0.20,210,200,15,0.48,60,80,10,17.819
Object-36,0.20,210,200,15,0.48,60,80,20,34.884
Object-36,0.20,210,200,15,0.48,60,80,30,31.330
Object-36,0.20,210,200,15,0.48,60,80,40,28.555
Object-36,0.20,210,200,15,0.48,60,80,50,24.015
Object-36,0.20,210,200,15,0.48,60,80,60,19.589
Object-36,0.20,210,200,15,0.48,60,80,70,15.545
Object-36,0.20,210,200,15,0.48,60,80,80,12.223
Object-36,0.20,210,200,15,0.48,60,80,90,13.802
Object-36,0.20,210,200,15,0.48,60,80,100,13.561
Object-36,0.20,210,200,15,0.48,60,80,110,13.233
Object-36,0.20,210,200,15,0.48,60,80,120,15.354
Object-36,0.20,210,200,15,0.48,60,80,130,18.739
Object-36,0.20,210,200,15,0.48,60,80,140,20.540
Object-36,0.20,210,200,15,0.48,60,80,150,32.784
Object-36,0.20,210,200,15,0.48,60,80,160,32.495
Object-36,0.20,210,200,15,0.48,60,80,170,33.519
Object-37,0.20,190,200,15,0.42,55,80,0,4.388
Object-37,0.20,190,200,15,0.42,55,80,10,16.423
Object-37,0.20,190,200,15,0.42,55,80,20,30.777
Object-37,0.20,190,200,15,0.42,55,80,30,31.144
Object-37,0.20,190,200,15,0.42,55,80,40,27.377
Object-37,0.20,190,200,15,0.42,55,80,50,22.453
Object-37,0.20,190,200,15,0.42,55,80,60,19.053
Object-37,0.20,190,200,15,0.42,55,80,70,15.778
Object-37,0.20,190,200,15,0.42,55,80,80,13.368
Object-37,0.20,190,200,15,0.42,55,80,90,10.323
Object-37,0.20,190,200,15,0.42,55,80,100,13.759
Object-37,0.20,190,200,15,0.42,55,80,110,14.714
Object-37,0.20,190,200,15,0.42,55,80,120,16.101
Object-37,0.20,190,200,15,0.42,55,80,130,18.946
Object-37,0.20,190,200,15,0.42,55,80,140,22.959
Object-37,0.20,190,200,15,0.42,55,80,150,29.502
Object-37,0.20,190,200,15,0.42,55,80,160,29.003
Object-37,0.20,190,200,15,0.42,55,80,170,21.579
Object-38,0.20,190,200,15,0.42,65,80,0,6.169
Object-38,0.20,190,200,15,0.42,65,80,10,16.925
Object-38,0.20,190,200,15,0.42,65,80,20,34.567
Object-38,0.20,190,200,15,0.42,65,80,30,30.648
Object-38,0.20,190,200,15,0.42,65,80,40,28.015
Object-38,0.20,190,200,15,0.42,65,80,50,24.649
Object-38,0.20,190,200,15,0.42,65,80,60,19.470
Object-38,0.20,190,200,15,0.42,65,80,70,16.748
Object-38,0.20,190,200,15,0.42,65,80,80,14.333
Object-38,0.20,190,200,15,0.42,65,80,90,12.796
Object-38,0.20,190,200,15,0.42,65,80,100,13.071
Object-38,0.20,190,200,15,0.42,65,80,110,13.727
Object-38,0.20,190,200,15,0.42,65,80,120,15.220
Object-38,0.20,190,200,15,0.42,65,80,130,17.771
Object-38,0.20,190,200,15,0.42,65,80,140,21.973
Object-38,0.20,190,200,15,0.42,65,80,150,30.501
Object-38,0.20,190,200,15,0.42,65,80,160,22.080
Object-38,0.20,190,200,15,0.42,65,80,170,22.029
Object-39,0.20,210,200,15,0.42,55,80,0,10.555
Object-39,0.20,210,200,15,0.42,55,80,10,16.721
Object-39,0.20,210,200,15,0.42,55,80,20,35.438
Object-39,0.20,210,200,15,0.42,55,80,30,30.559
Object-39,0.20,210,200,15,0.42,55,80,40,29.709
Object-39,0.20,210,200,15,0.42,55,80,50,25.356
Object-39,0.20,210,200,15,0.42,55,80,60,22.488
Object-39,0.20,210,200,15,0.42,55,80,70,18.311
Object-39,0.20,210,200,15,0.42,55,80,80,14.270
Object-39,0.20,210,200,15,0.42,55,80,90,13.777
Object-39,0.20,210,200,15,0.42,55,80,100,12.846
Object-39,0.20,210,200,15,0.42,55,80,110,13.020
Object-39,0.20,210,200,15,0.42,55,80,120,13.579
Object-39,0.20,210,200,15,0.42,55,80,130,17.860
Object-39,0.20,210,200,15,0.42,55,80,140,21.715
Object-39,0.20,210,200,15,0.42,55,80,150,28.890
Object-39,0.20,210,200,15,0.42,55,80,160,21.235
Object-39,0.20,210,200,15,0.42,55,80,170,28.049
Object-40,0.20,210,200,15,0.42,65,80,0,17.442
Object-40,0.20,210,200,15,0.42,65,80,10,18.535
Object-40,0.20,210,200,15,0.42,65,80,20,33.754
Object-40,0.20,210,200,15,0.42,65,80,30,31.164
Object-40,0.20,210,200,15,0.42,65,80,40,28.924
Object-40,0.20,210,200,15,0.42,65,80,50,26.078
Object-40,0.20,210,200,15,0.42,65,80,60,22.934
Object-40,0.20,210,200,15,0.42,65,80,70,17.455
Object-40,0.20,210,200,15,0.42,65,80,80,12.778
Object-40,0.20,210,200,15,0.42,65,80,90,13.178
Object-40,0.20,210,200,15,0.42,65,80,100,16.986
Object-40,0.20,210,200,15,0.42,65,80,110,13.751
Object-40,0.20,210,200,15,0.42,65,80,120,14.684
Object-40,0.20,210,200,15,0.42,65,80,130,17.900
Object-40,0.20,210,200,15,0.42,65,80,140,20.362
Object-40,0.20,210,200,15,0.42,65,80,150,31.357
Object-40,0.20,210,200,15,0.42,65,80,160,20.681
Object-40,0.20,210,200,15,0.42,65,80,170,21.855
Object-41,0.20,190,200,15,0.42,60,60,0,4.069
Object-41,0.20,190,200,15,0.42,60,60,10,16.547
Object-41,0.20,190,200,15,0.42,60,60,20,29.126
Object-41,0.20,190,200,15,0.42,60,60,30,32.357
Object-41,0.20,190,200,15,0.42,60,60,40,27.759
Object-41,0.20,190,200,15,0.42,60,60,50,23.278
Object-41,0.20,190,200,15,0.42,60,60,60,19.096
Object-41,0.20,190,200,15,0.42,60,60,70,15.250
Object-41,0.20,190,200,15,0.42,60,60,80,13.640
Object-41,0.20,190,200,15,0.42,60,60,90,10.383
Object-41,0.20,190,200,15,0.42,60,60,100,13.448
Object-41,0.20,190,200,15,0.42,60,60,110,14.583
Object-41,0.20,190,200,15,0.42,60,60,120,16.191
Object-41,0.20,190,200,15,0.42,60,60,130,19.509
Object-41,0.20,190,200,15,0.42,60,60,140,23.099
Object-41,0.20,190,200,15,0.42,60,60,150,30.511
Object-41,0.20,190,200,15,0.42,60,60,160,21.615
Object-41,0.20,190,200,15,0.42,60,60,170,29.934
Object-42,0.20,190,200,15,0.42,60,100,0,28.450
Object-42,0.20,190,200,15,0.42,60,100,10,10.651
Object-42,0.20,190,200,15,0.42,60,100,20,22.976
Object-42,0.20,190,200,15,0.42,60,100,30,30.859
Object-42,0.20,190,200,15,0.42,60,100,40,31.593
Object-42,0.20,190,200,15,0.42,60,100,50,27.235
Object-42,0.20,190,200,15,0.42,60,100,60,23.410
Object-42,0.20,190,200,15,0.42,60,100,70,16.733
Object-42,0.20,190,200,15,0.42,60,100,80,13.651
Object-42,0.20,190,200,15,0.42,60,100,90,13.096
Object-42,0.20,190,200,15,0.42,60,100,100,13.064
Object-42,0.20,190,200,15,0.42,60,100,110,14.990
Object-42,0.20,190,200,15,0.42,60,100,120,17.174
Object-42,0.20,190,200,15,0.42,60,100,130,17.359
Object-42,0.20,190,200,15,0.42,60,100,140,20.805
Object-42,0.20,190,200,15,0.42,60,100,150,25.337
Object-42,0.20,190,200,15,0.42,60,100,160,20.397
Object-42,0.20,190,200,15,0.42,60,100,170,18.091
Object-43,0.20,210,200,15,0.42,60,60,0,5.289
Object-43,0.20,210,200,15,0.42,60,60,10,18.098
Object-43,0.20,210,200,15,0.42,60,60,20,31.473
Object-43,0.20,210,200,15,0.42,60,60,30,31.784
Object-43,0.20,210,200,15,0.42,60,60,40,27.925
Object-43,0.20,210,200,15,0.42,60,60,50,24.055
Object-43,0.20,210,200,15,0.42,60,60,60,19.195
Object-43,0.20,210,200,15,0.42,60,60,70,16.904
Object-43,0.20,210,200,15,0.42,60,60,80,14.456
Object-43,0.20,210,200,15,0.42,60,60,90,13.078
Object-43,0.20,210,200,15,0.42,60,60,100,13.498
Object-43,0.20,210,200,15,0.42,60,60,110,13.785
Object-43,0.20,210,200,15,0.42,60,60,120,15.387
Object-43,0.20,210,200,15,0.42,60,60,130,18.310
Object-43,0.20,210,200,15,0.42,60,60,140,21.417
Object-43,0.20,210,200,15,0.42,60,60,150,30.452
Object-43,0.20,210,200,15,0.42,60,60,160,24.830
Object-43,0.20,210,200,15,0.42,60,60,170,21.034
Object-44,0.20,210,200,15,0.42,60,100,0,16.751
Object-44,0.20,210,200,15,0.42,60,100,10,14.672
Object-44,0.20,210,200,15,0.42,60,100,20,36.114
Object-44,0.20,210,200,15,0.42,60,100,30,32.136
Object-44,0.20,210,200,15,0.42,60,100,40,30.143
Object-44,0.20,210,200,15,0.42,60,100,50,27.448
Object-44,0.20,210,200,15,0.42,60,100,60,22.846
Object-44,0.20,210,200,15,0.42,60,100,70,17.779
Object-44,0.20,210,200,15,0.42,60,100,80,12.667
Object-44,0.20,210,200,15,0.42,60,100,90,13.645
Object-44,0.20,210,200,15,0.42,60,100,100,14.744
Object-44,0.20,210,200,15,0.42,60,100,110,13.187
Object-44,0.20,210,200,15,0.42,60,100,120,14.862
Object-44,0.20,210,200,15,0.42,60,100,130,18.853
Object-44,0.20,210,200,15,0.42,60,100,140,22.401
Object-44,0.20,210,200,15,0.42,60,100,150,33.777
Object-44,0.20,210,200,15,0.42,60,100,160,25.176
Object-44,0.20,210,200,15,0.42,60,100,170,32.917
Object-45,0.20,200,150,5,0.42,60,80,0,6.481
Object-45,0.20,200,150,5,0.42,60,80,10,18.183
Object-45,0.20,200,150,5,0.42,60,80,20,32.170
Object-45,0.20,200,150,5,0.42,60,80,30,31.340
Object-45,0.20,200,150,5,0.42,60,80,40,26.133
Object-45,0.20,200,150,5,0.42,60,80,50,22.073
Object-45,0.20,200,150,5,0.42,60,80,60,17.853
Object-45,0.20,200,150,5,0.42,60,80,70,14.492
Object-45,0.20,200,150,5,0.42,60,80,80,13.189
Object-45,0.20,200,150,5,0.42,60,80,90,10.089
Object-45,0.20,200,150,5,0.42,60,80,100,14.257
Object-45,0.20,200,150,5,0.42,60,80,110,15.426
Object-45,0.20,200,150,5,0.42,60,80,120,15.915
Object-45,0.20,200,150,5,0.42,60,80,130,18.286
Object-45,0.20,200,150,5,0.42,60,80,140,23.914
Object-45,0.20,200,150,5,0.42,60,80,150,23.560
Object-45,0.20,200,150,5,0.42,60,80,160,25.251
Object-45,0.20,200,150,5,0.42,60,80,170,22.456
Object-46,0.20,200,150,25,0.42,60,80,0,17.694
Object-46,0.20,200,150,25,0.42,60,80,10,18.781
Object-46,0.20,200,150,25,0.42,60,80,20,30.757
Object-46,0.20,200,150,25,0.42,60,80,30,32.478
Object-46,0.20,200,150,25,0.42,60,80,40,31.253
Object-46,0.20,200,150,25,0.42,60,80,50,26.553
Object-46,0.20,200,150,25,0.42,60,80,60,23.509
Object-46,0.20,200,150,25,0.42,60,80,70,19.611
Object-46,0.20,200,150,25,0.42,60,80,80,15.982
Object-46,0.20,200,150,25,0.42,60,80,90,13.805
Object-46,0.20,200,150,25,0.42,60,80,100,12.082
Object-46,0.20,200,150,25,0.42,60,80,110,12.871
Object-46,0.20,200,150,25,0.42,60,80,120,14.344
Object-46,0.20,200,150,25,0.42,60,80,130,19.115
Object-46,0.20,200,150,25,0.42,60,80,140,22.053
Object-46,0.20,200,150,25,0.42,60,80,150,30.483
Object-46,0.20,200,150,25,0.42,60,80,160,22.291
Object-46,0.20,200,150,25,0.42,60,80,170,34.409
Object-47,0.20,200,250,5,0.42,60,80,0,2.847
Object-47,0.20,200,250,5,0.42,60,80,10,15.811
Object-47,0.20,200,250,5,0.42,60,80,20,31.146
Object-47,0.20,200,250,5,0.42,60,80,30,31.750
Object-47,0.20,200,250,5,0.42,60,80,40,27.881
Object-47,0.20,200,250,5,0.42,60,80,50,22.899
Object-47,0.20,200,250,5,0.42,60,80,60,19.588
Object-47,0.20,200,250,5,0.42,60,80,70,16.339
Object-47,0.20,200,250,5,0.42,60,80,80,14.422
Object-47,0.20,200,250,5,0.42,60,80,90,13.132
Object-47,0.20,200,250,5,0.42,60,80,100,13.976
Object-47,0.20,200,250,5,0.42,60,80,110,13.921
Object-47,0.20,200,250,5,0.42,60,80,120,15.550
Object-47,0.20,200,250,5,0.42,60,80,130,17.591
Object-47,0.20,200,250,5,0.42,60,80,140,21.988
Object-47,0.20,200,250,5,0.42,60,80,150,30.568
Object-47,0.20,200,250,5,0.42,60,80,160,21.441
Object-47,0.20,200,250,5,0.42,60,80,170,23.705
Object-48,0.20,200,250,25,0.42,60,80,0,3.611
Object-48,0.20,200,250,25,0.42,60,80,10,17.717
Object-48,0.20,200,250,25,0.42,60,80,20,33.771
Object-48,0.20,200,250,25,0.42,60,80,30,32.142
Object-48,0.20,200,250,25,0.42,60,80,40,26.172
Object-48,0.20,200,250,25,0.42,60,80,50,22.471
Object-48,0.20,200,250,25,0.42,60,80,60,17.744
Object-48,0.20,200,250,25,0.42,60,80,70,13.923
Object-48,0.20,200,250,25,0.42,60,80,80,13.578
Object-48,0.20,200,250,25,0.42,60,80,90,10.127
Object-48,0.20,200,250,25,0.42,60,80,100,13.426
Object-48,0.20,200,250,25,0.42,60,80,110,14.214
Object-48,0.20,200,250,25,0.42,60,80,120,16.074
Object-48,0.20,200,250,25,0.42,60,80,130,18.296
Object-48,0.20,200,250,25,0.42,60,80,140,23.004
Object-48,0.20,200,250,25,0.42,60,80,150,30.732
Object-48,0.20,200,250,25,0.42,60,80,160,21.933
Object-48,0.20,200,250,25,0.42,60,80,170,21.735
Object-49,0.20,200,150,15,0.36,60,80,0,4.912
Object-49,0.20,200,150,15,0.36,60,80,10,17.948
Object-49,0.20,200,150,15,0.36,60,80,20,32.658
Object-49,0.20,200,150,15,0.36,60,80,30,30.976
Object-49,0.20,200,150,15,0.36,60,80,40,30.417
Object-49,0.20,200,150,15,0.36,60,80,50,26.945
Object-49,0.20,200,150,15,0.36,60,80,60,22.905
Object-49,0.20,200,150,15,0.36,60,80,70,19.056
Object-49,0.20,200,150,15,0.36,60,80,80,15.572
Object-49,0.20,200,150,15,0.36,60,80,90,13.534
Object-49,0.20,200,150,15,0.36,60,80,100,13.727
Object-49,0.20,200,150,15,0.36,60,80,110,15.047
Object-49,0.20,200,150,15,0.36,60,80,120,16.070
Object-49,0.20,200,150,15,0.36,60,80,130,18.323
Object-49,0.20,200,150,15,0.36,60,80,140,24.423
Object-49,0.20,200,150,15,0.36,60,80,150,35.215
Object-49,0.20,200,150,15,0.36,60,80,160,21.938
Object-49,0.20,200,150,15,0.36,60,80,170,24.462
Object-50,0.20,200,150,15,0.48,60,80,0,7.581
Object-50,0.20,200,150,15,0.48,60,80,10,16.206
Object-50,0.20,200,150,15,0.48,60,80,20,28.426
Object-50,0.20,200,150,15,0.48,60,80,30,29.076
Object-50,0.20,200,150,15,0.48,60,80,40,28.090
Object-50,0.20,200,150,15,0.48,60,80,50,22.538
Object-50,0.20,200,150,15,0.48,60,80,60,18.396
Object-50,0.20,200,150,15,0.48,60,80,70,15.490
Object-50,0.20,200,150,15,0.48,60,80,80,14.105
Object-50,0.20,200,150,15,0.48,60,80,90,13.119
Object-50,0.20,200,150,15,0.48,60,80,100,13.439
Object-50,0.20,200,150,15,0.48,60,80,110,14.240
Object-50,0.20,200,150,15,0.48,60,80,120,15.350
Object-50,0.20,200,150,15,0.48,60,80,130,18.178
Object-50,0.20,200,150,15,0.48,60,80,140,21.763
Object-50,0.20,200,150,15,0.48,60,80,150,28.804
Object-50,0.20,200,150,15,0.48,60,80,160,24.049
Object-50,0.20,200,150,15,0.48,60,80,170,20.266
Object-51,0.20,200,250,15,0.36,60,80,0,6.920
Object-51,0.20,200,250,15,0.36,60,80,10,16.913
Object-51,0.20,200,250,15,0.36,60,80,20,33.205
Object-51,0.20,200,250,15,0.36,60,80,30,29.070
Object-51,0.20,200,250,15,0.36,60,80,40,29.416
Object-51,0.20,200,250,15,0.36,60,80,50,27.078
Object-51,0.20,200,250,15,0.36,60,80,60,22.385
Object-51,0.20,200,250,15,0.36,60,80,70,19.334
Object-51,0.20,200,250,15,0.36,60,80,80,15.287
Object-51,0.20,200,250,15,0.36,60,80,90,13.213
Object-51,0.20,200,250,15,0.36,60,80,100,13.302
Object-51,0.20,200,250,15,0.36,60,80,110,14.296
Object-51,0.20,200,250,15,0.36,60,80,120,15.522
Object-51,0.20,200,250,15,0.36,60,80,130,17.656
Object-51,0.20,200,250,15,0.36,60,80,140,23.414
Object-51,0.20,200,250,15,0.36,60,80,150,33.326
Object-51,0.20,200,250,15,0.36,60,80,160,22.213
Object-51,0.20,200,250,15,0.36,60,80,170,19.672
Object-52,0.20,200,250,15,0.48,60,80,0,9.854
Object-52,0.20,200,250,15,0.48,60,80,10,18.225
Object-52,0.20,200,250,15,0.48,60,80,20,22.961
Object-52,0.20,200,250,15,0.48,60,80,30,31.278
Object-52,0.20,200,250,15,0.48,60,80,40,28.073
Object-52,0.20,200,250,15,0.48,60,80,50,24.484
Object-52,0.20,200,250,15,0.48,60,80,60,20.850
Object-52,0.20,200,250,15,0.48,60,80,70,17.281
Object-52,0.20,200,250,15,0.48,60,80,80,13.310
Object-52,0.20,200,250,15,0.48,60,80,90,13.579
Object-52,0.20,200,250,15,0.48,60,80,100,12.488
Object-52,0.20,200,250,15,0.48,60,80,110,13.311
Object-52,0.20,200,250,15,0.48,60,80,120,13.762
Object-52,0.20,200,250,15,0.48,60,80,130,17.359
Object-52,0.20,200,250,15,0.48,60,80,140,20.544
Object-52,0.20,200,250,15,0.48,60,80,150,29.659
Object-52,0.20,200,250,15,0.48,60,80,160,35.111
Object-52,0.20,200,250,15,0.48,60,80,170,26.262
Object-53,0.20,200,150,15,0.42,55,80,0,3.475
Object-53,0.20,200,150,15,0.42,55,80,10,15.843
Object-53,0.20,200,150,15,0.42,55,80,20,29.797
Object-53,0.20,200,150,15,0.42,55,80,30,31.855
Object-53,0.20,200,150,15,0.42,55,80,40,26.869
Object-53,0.20,200,150,15,0.42,55,80,50,22.089
Object-53,0.20,200,150,15,0.42,55,80,60,17.787
Object-53,0.20,200,150,15,0.42,55,80,70,14.740
Object-53,0.20,200,150,15,0.42,55,80,80,13.757
Object-53,0.20,200,150,15,0.42,55,80,90,10.591
Object-53,0.20,200,150,15,0.42,55,80,100,13.828
Object-53,0.20,200,150,15,0.42,55,80,110,15.017
Object-53,0.20,200,150,15,0.42,55,80,120,15.810
Object-53,0.20,200,150,15,0.42,55,80,130,18.925
Object-53,0.20,200,150,15,0.42,55,80,140,23.925
Object-53,0.20,200,150,15,0.42,55,80,150,32.518
Object-53,0.20,200,150,15,0.42,55,80,160,20.801
Object-53,0.20,200,150,15,0.42,55,80,170,22.269
Object-54,0.20,200,150,15,0.42,65,80,0,9.722
Object-54,0.20,200,150,15,0.42,65,80,10,17.444
Object-54,0.20,200,150,15,0.42,65,80,20,35.111
Object-54,0.20,200,150,15,0.42,65,80,30,31.254
Object-54,0.20,200,150,15,0.42,65,80,40,30.892
Object-54,0.20,200,150,15,0.42,65,80,50,24.809
Object-54,0.20,200,150,15,0.42,65,80,60,21.072
Object-54,0.20,200,150,15,0.42,65,80,70,17.143
Object-54,0.20,200,150,15,0.42,65,80,80,13.665
Object-54,0.20,200,150,15,0.42,65,80,90,13.620
Object-54,0.20,200,150,15,0.42,65,80,100,13.816
Object-54,0.20,200,150,15,0.42,65,80,110,14.180
Object-54,0.20,200,150,15,0.42,65,80,120,15.239
Object-54,0.20,200,150,15,0.42,65,80,130,18.047
Object-54,0.20,200,150,15,0.42,65,80,140,24.259
Object-54,0.20,200,150,15,0.42,65,80,150,32.323
Object-54,0.20,200,150,15,0.42,65,80,160,25.004
Object-54,0.20,200,150,15,0.42,65,80,170,26.337
Object-55,0.20,200,250,15,0.42,55,80,0,9.277
Object-55,0.20,200,250,15,0.42,55,80,10,18.465
Object-55,0.20,200,250,15,0.42,55,80,20,30.655
Object-55,0.20,200,250,15,0.42,55,80,30,31.616
Object-55,0.20,200,250,15,0.42,55,80,40,28.601
Object-55,0.20,200,250,15,0.42,55,80,50,24.453
Object-55,0.20,200,250,15,0.42,55,80,60,19.874
Object-55,0.20,200,250,15,0.42,55,80,70,16.751
Object-55,0.20,200,250,15,0.42,55,80,80,14.260
Object-55,0.20,200,250,15,0.42,55,80,90,12.971
Object-55,0.20,200,250,15,0.42,55,80,100,13.809
Object-55,0.20,200,250,15,0.42,55,80,110,14.644
Object-55,0.20,200,250,15,0.42,55,80,120,15.637
Object-55,0.20,200,250,15,0.42,55,80,130,18.450
Object-55,0.20,200,250,15,0.42,55,80,140,24.351
Object-55,0.20,200,250,15,0.42,55,80,150,30.334
Object-55,0.20,200,250,15,0.42,55,80,160,21.113
Object-55,0.20,200,250,15,0.42,55,80,170,24.522
Object-56,0.20,200,250,15,0.42,65,80,0,6.487
Object-56,0.20,200,250,15,0.42,65,80,10,17.834
Object-56,0.20,200,250,15,0.42,65,80,20,34.410
Object-56,0.20,200,250,15,0.42,65,80,30,29.539
Object-56,0.20,200,250,15,0.42,65,80,40,28.341
Object-56,0.20,200,250,15,0.42,65,80,50,24.689
Object-56,0.20,200,250,15,0.42,65,80,60,20.364
Object-56,0.20,200,250,15,0.42,65,80,70,16.550
Object-56,0.20,200,250,15,0.42,65,80,80,15.002
Object-56,0.20,200,250,15,0.42,65,80,90,12.576
Object-56,0.20,200,250,15,0.42,65,80,100,13.567
Object-56,0.20,200,250,15,0.42,65,80,110,13.520
Object-56,0.20,200,250,15,0.42,65,80,120,15.530
Object-56,0.20,200,250,15,0.42,65,80,130,18.101
Object-56,0.20,200,250,15,0.42,65,80,140,21.797
Object-56,0.20,200,250,15,0.42,65,80,150,30.363
Object-56,0.20,200,250,15,0.42,65,80,160,21.932
Object-56,0.20,200,250,15,0.42,65,80,170,21.787
Object-57,0.20,200,150,15,0.42,60,60,0,18.734
Object-57,0.20,200,150,15,0.42,60,60,10,35.588
Object-57,0.20,200,150,15,0.42,60,60,20,30.162
Object-57,0.20,200,150,15,0.42,60,60,30,30.083
Object-57,0.20,200,150,15,0.42,60,60,40,26.120
Object-57,0.20,200,150,15,0.42,60,60,50,22.677
Object-57,0.20,200,150,15,0.42,60,60,60,18.947
Object-57,0.20,200,150,15,0.42,60,60,70,14.918
Object-57,0.20,200,150,15,0.42,60,60,80,13.715
Object-57,0.20,200,150,15,0.42,60,60,90,12.731
Object-57,0.20,200,150,15,0.42,60,60,100,12.819
Object-57,0.20,200,150,15,0.42,60,60,110,14.228
Object-57,0.20,200,150,15,0.42,60,60,120,18.567
Object-57,0.20,200,150,15,0.42,60,60,130,22.084
Object-57,0.20,200,150,15,0.42,60,60,140,29.191
Object-57,0.20,200,150,15,0.42,60,60,150,20.814
Object-57,0.20,200,150,15,0.42,60,60,160,22.121
Object-57,0.20,200,150,15,0.42,60,60,170,24.121
Object-58,0.20,200,150,15,0.42,60,100,0,2.694
Object-58,0.20,200,150,15,0.42,60,100,10,15.326
Object-58,0.20,200,150,15,0.42,60,100,20,30.778
Object-58,0.20,200,150,15,0.42,60,100,30,29.521
Object-58,0.20,200,150,15,0.42,60,100,40,26.445
Object-58,0.20,200,150,15,0.42,60,100,50,22.064
Object-58,0.20,200,150,15,0.42,60,100,60,17.790
Object-58,0.20,200,150,15,0.42,60,100,70,14.627
Object-58,0.20,200,150,15,0.42,60,100,80,13.854
Object-58,0.20,200,150,15,0.42,60,100,90,10.145
Object-58,0.20,200,150,15,0.42,60,100,100,13.388
Object-58,0.20,200,150,15,0.42,60,100,110,14.764
Object-58,0.20,200,150,15,0.42,60,100,120,16.718
Object-58,0.20,200,150,15,0.42,60,100,130,18.739
Object-58,0.20,200,150,15,0.42,60,100,140,24.066
Object-58,0.20,200,150,15,0.42,60,100,150,23.399
Object-58,0.20,200,150,15,0.42,60,100,160,28.927
Object-58,0.20,200,150,15,0.42,60,100,170,22.701
Object-59,0.20,200,250,15,0.42,60,60,0,7.548
Object-59,0.20,200,250,15,0.42,60,60,10,16.273
Object-59,0.20,200,250,15,0.42,60,60,20,34.809
Object-59,0.20,200,250,15,0.42,60,60,30,32.129
Object-59,0.20,200,250,15,0.42,60,60,40,29.886
Object-59,0.20,200,250,15,0.42,60,60,50,24.434
Object-59,0.20,200,250,15,0.42,60,60,60,21.936
Object-59,0.20,200,250,15,0.42,60,60,70,17.321
Object-59,0.20,200,250,15,0.42,60,60,80,14.015
Object-59,0.20,200,250,15,0.42,60,60,90,13.546
Object-59,0.20,200,250,15,0.42,60,60,100,14.351
Object-59,0.20,200,250,15,0.42,60,60,110,15.073
Object-59,0.20,200,250,15,0.42,60,60,120,15.048
Object-59,0.20,200,250,15,0.42,60,60,130,18.511
Object-59,0.20,200,250,15,0.42,60,60,140,22.607
Object-59,0.20,200,250,15,0.42,60,60,150,31.464
Object-59,0.20,200,250,15,0.42,60,60,160,26.774
Object-59,0.20,200,250,15,0.42,60,60,170,21.486
Object-60,0.20,200,250,15,0.42,60,100,0,7.693
Object-60,0.20,200,250,15,0.42,60,100,10,16.511
Object-60,0.20,200,250,15,0.42,60,100,20,28.998
Object-60,0.20,200,250,15,0.42,60,100,30,30.563
Object-60,0.20,200,250,15,0.42,60,100,40,28.260
Object-60,0.20,200,250,15,0.42,60,100,50,22.735
Object-60,0.20,200,250,15,0.42,60,100,60,19.613
Object-60,0.20,200,250,15,0.42,60,100,70,16.401
Object-60,0.20,200,250,15,0.42,60,100,80,15.002
Object-60,0.20,200,250,15,0.42,60,100,90,13.291
Object-60,0.20,200,250,15,0.42,60,100,100,13.779
Object-60,0.20,200,250,15,0.42,60,100,110,13.552
Object-60,0.20,200,250,15,0.42,60,100,120,15.465
Object-60,0.20,200,250,15,0.42,60,100,130,17.937
Object-60,0.20,200,250,15,0.42,60,100,140,22.160
Object-60,0.20,200,250,15,0.42,60,100,150,30.376
Object-60,0.20,200,250,15,0.42,60,100,160,21.515
Object-60,0.20,200,250,15,0.42,60,100,170,21.243
Object-61,0.20,200,200,5,0.36,60,80,0,6.113
Object-61,0.20,200,200,5,0.36,60,80,10,17.230
Object-61,0.20,200,200,5,0.36,60,80,20,28.497
Object-61,0.20,200,200,5,0.36,60,80,30,29.688
Object-61,0.20,200,200,5,0.36,60,80,40,29.081
Object-61,0.20,200,200,5,0.36,60,80,50,25.835
Object-61,0.20,200,200,5,0.36,60,80,60,21.940
Object-61,0.20,200,200,5,0.36,60,80,70,18.069
Object-61,0.20,200,200,5,0.36,60,80,80,14.690
Object-61,0.20,200,200,5,0.36,60,80,90,13.206
Object-61,0.20,200,200,5,0.36,60,80,100,13.806
Object-61,0.20,200,200,5,0.36,60,80,110,13.547
Object-61,0.20,200,200,5,0.36,60,80,120,16.269
Object-61,0.20,200,200,5,0.36,60,80,130,17.742
Object-61,0.20,200,200,5,0.36,60,80,140,23.000
Object-61,0.20,200,200,5,0.36,60,80,150,31.353
Object-61,0.20,200,200,5,0.36,60,80,160,21.308
Object-61,0.20,200,200,5,0.36,60,80,170,22.560
Object-62,0.20,200,200,5,0.48,60,80,0,14.009
Object-62,0.20,200,200,5,0.48,60,80,10,16.747
Object-62,0.20,200,200,5,0.48,60,80,20,25.006
Object-62,0.20,200,200,5,0.48,60,80,30,30.280
Object-62,0.20,200,200,5,0.48,60,80,40,27.630
Object-62,0.20,200,200,5,0.48,60,80,50,24.479
Object-62,0.20,200,200,5,0.48,60,80,60,21.613
Object-62,0.20,200,200,5,0.48,60,80,70,16.383
Object-62,0.20,200,200,5,0.48,60,80,80,12.920
Object-62,0.20,200,200,5,0.48,60,80,90,13.565
Object-62,0.20,200,200,5,0.48,60,80,100,13.642
Object-62,0.20,200,200,5,0.48,60,80,110,13.908
Object-62,0.20,200,200,5,0.48,60,80,120,14.457
Object-62,0.20,200,200,5,0.48,60,80,130,18.668
Object-62,0.20,200,200,5,0.48,60,80,140,20.708
Object-62,0.20,200,200,5,0.48,60,80,150,30.441
Object-62,0.20,200,200,5,0.48,60,80,160,31.643
Object-62,0.20,200,200,5,0.48,60,80,170,26.574
Object-63,0.20,200,200,25,0.36,60,80,0,4.022
Object-63,0.20,200,200,25,0.36,60,80,10,17.054
Object-63,0.20,200,200,25,0.36,60,80,20,32.954
Object-63,0.20,200,200,25,0.36,60,80,30,32.429
Object-63,0.20,200,200,25,0.36,60,80,40,27.732
Object-63,0.20,200,200,25,0.36,60,80,50,24.194
Object-63,0.20,200,200,25,0.36,60,80,60,21.532
Object-63,0.20,200,200,25,0.36,60,80,70,17.418
Object-63,0.20,200,200,25,0.36,60,80,80,15.086
Object-63,0.20,200,200,25,0.36,60,80,90,11.098
Object-63,0.20,200,200,25,0.36,60,80,100,13.723
Object-63,0.20,200,200,25,0.36,60,80,110,14.781
Object-63,0.20,200,200,25,0.36,60,80,120,16.222
Object-63,0.20,200,200,25,0.36,60,80,130,19.222
Object-63,0.20,200,200,25,0.36,60,80,140,23.735
Object-63,0.20,200,200,25,0.36,60,80,150,36.770
Object-63,0.20,200,200,25,0.36,60,80,160,23.348
Object-63,0.20,200,200,25,0.36,60,80,170,26.176
Object-64,0.20,200,200,25,0.48,60,80,0,5.848
Object-64,0.20,200,200,25,0.48,60,80,10,15.734
Object-64,0.20,200,200,25,0.48,60,80,20,31.056
Object-64,0.20,200,200,25,0.48,60,80,30,33.367
Object-64,0.20,200,200,25,0.48,60,80,40,27.366
Object-64,0.20,200,200,25,0.48,60,80,50,23.006
Object-64,0.20,200,200,25,0.48,60,80,60,18.435
Object-64,0.20,200,200,25,0.48,60,80,70,15.303
Object-64,0.20,200,200,25,0.48,60,80,80,12.854
Object-64,0.20,200,200,25,0.48,60,80,90,13.680
Object-64,0.20,200,200,25,0.48,60,80,100,13.617
Object-64,0.20,200,200,25,0.48,60,80,110,14.063
Object-64,0.20,200,200,25,0.48,60,80,120,15.214
Object-64,0.20,200,200,25,0.48,60,80,130,18.505
Object-64,0.20,200,200,25,0.48,60,80,140,22.957
Object-64,0.20,200,200,25,0.48,60,80,150,30.510
Object-64,0.20,200,200,25,0.48,60,80,160,33.268
Object-64,0.20,200,200,25,0.48,60,80,170,30.587
Object-65,0.20,200,200,5,0.42,55,80,0,3.665
Object-65,0.20,200,200,5,0.42,55,80,10,15.841
Object-65,0.20,200,200,5,0.42,55,80,20,30.543
Object-65,0.20,200,200,5,0.42,55,80,30,30.894
Object-65,0.20,200,200,5,0.42,55,80,40,27.142
Object-65,0.20,200,200,5,0.42,55,80,50,24.435
Object-65,0.20,200,200,5,0.42,55,80,60,19.972
Object-65,0.20,200,200,5,0.42,55,80,70,17.057
Object-65,0.20,200,200,5,0.42,55,80,80,14.975
Object-65,0.20,200,200,5,0.42,55,80,90,12.905
Object-65,0.20,200,200,5,0.42,55,80,100,14.029
Object-65,0.20,200,200,5,0.42,55,80,110,13.726
Object-65,0.20,200,200,5,0.42,55,80,120,14.906
Object-65,0.20,200,200,5,0.42,55,80,130,18.733
Object-65,0.20,200,200,5,0.42,55,80,140,22.280
Object-65,0.20,200,200,5,0.42,55,80,150,30.398
Object-65,0.20,200,200,5,0.42,55,80,160,22.518
Object-65,0.20,200,200,5,0.42,55,80,170,26.866
Object-66,0.20,200,200,5,0.42,65,80,0,3.991
Object-66,0.20,200,200,5,0.42,65,80,10,17.407
Object-66,0.20,200,200,5,0.42,65,80,20,31.403
Object-66,0.20,200,200,5,0.42,65,80,30,30.262
Object-66,0.20,200,200,5,0.42,65,80,40,27.651
Object-66,0.20,200,200,5,0.42,65,80,50,23.594
Object-66,0.20,200,200,5,0.42,65,80,60,20.550
Object-66,0.20,200,200,5,0.42,65,80,70,16.342
Object-66,0.20,200,200,5,0.42,65,80,80,14.859
Object-66,0.20,200,200,5,0.42,65,80,90,12.787
Object-66,0.20,200,200,5,0.42,65,80,100,14.045
Object-66,0.20,200,200,5,0.42,65,80,110,13.887
Object-66,0.20,200,200,5,0.42,65,80,120,16.031
Object-66,0.20,200,200,5,0.42,65,80,130,17.835
Object-66,0.20,200,200,5,0.42,65,80,140,21.935
Object-66,0.20,200,200,5,0.42,65,80,150,33.174
Object-66,0.20,200,200,5,0.42,65,80,160,21.947
Object-66,0.20,200,200,5,0.42,65,80,170,22.995
Object-67,0.20,200,200,25,0.42,55,80,0,9.014
Object-67,0.20,200,200,25,0.42,55,80,10,17.121
Object-67,0.20,200,200,25,0.42,55,80,20,35.220
Object-67,0.20,200,200,25,0.42,55,80,30,31.109
Object-67,0.20,200,200,25,0.42,55,80,40,29.543
Object-67,0.20,200,200,25,0.42,55,80,50,25.940
Object-67,0.20,200,200,25,0.42,55,80,60,22.687
Object-67,0.20,200,200,25,0.42,55,80,70,18.980
Object-67,0.20,200,200,25,0.42,55,80,80,15.142
Object-67,0.20,200,200,25,0.42,55,80,90,13.407
Object-67,0.20,200,200,25,0.42,55,80,100,12.296
Object-67,0.20,200,200,25,0.42,55,80,110,12.767
Object-67,0.20,200,200,25,0.42,55,80,120,14.210
Object-67,0.20,200,200,25,0.42,55,80,130,18.001
Object-67,0.20,200,200,25,0.42,55,80,140,21.771
Object-67,0.20,200,200,25,0.42,55,80,150,28.171
Object-67,0.20,200,200,25,0.42,55,80,160,21.125
Object-67,0.20,200,200,25,0.42,55,80,170,21.685
Object-68,0.20,200,200,25,0.42,65,80,0,4.727
Object-68,0.20,200,200,25,0.42,65,80,10,15.652
Object-68,0.20,200,200,25,0.42,65,80,20,35.047
Object-68,0.20,200,200,25,0.42,65,80,30,32.203
Object-68,0.20,200,200,25,0.42,65,80,40,27.831
Object-68,0.20,200,200,25,0.42,65,80,50,22.492
Object-68,0.20,200,200,25,0.42,65,80,60,18.281
Object-68,0.20,200,200,25,0.42,65,80,70,14.305
Object-68,0.20,200,200,25,0.42,65,80,80,13.055
Object-68,0.20,200,200,25,0.42,65,80,90,10.395
Object-68,0.20,200,200,25,0.42,65,80,100,13.824
Object-68,0.20,200,200,25,0.42,65,80,110,14.635
Object-68,0.20,200,200,25,0.42,65,80,120,16.097
Object-68,0.20,200,200,25,0.42,65,80,130,18.610
Object-68,0.20,200,200,25,0.42,65,80,140,23.725
Object-68,0.20,200,200,25,0.42,65,80,150,31.411
Object-68,0.20,200,200,25,0.42,65,80,160,26.780
Object-68,0.20,200,200,25,0.42,65,80,170,22.039
Object-69,0.20,200,200,5,0.42,60,60,0,3.058
Object-69,0.20,200,200,5,0.42,60,60,10,16.432
Object-69,0.20,200,200,5,0.42,60,60,20,32.023
Object-69,0.20,200,200,5,0.42,60,60,30,31.694
Object-69,0.20,200,200,5,0.42,60,60,40,28.146
Object-69,0.20,200,200,5,0.42,60,60,50,23.909
Object-69,0.20,200,200,5,0.42,60,60,60,20.076
Object-69,0.20,200,200,5,0.42,60,60,70,16.385
Object-69,0.20,200,200,5,0.42,60,60,80,13.311
Object-69,0.20,200,200,5,0.42,60,60,90,13.418
Object-69,0.20,200,200,5,0.42,60,60,100,14.269
Object-69,0.20,200,200,5,0.42,60,60,110,14.220
Object-69,0.20,200,200,5,0.42,60,60,120,15.843
Object-69,0.20,200,200,5,0.42,60,60,130,18.406
Object-69,0.20,200,200,5,0.42,60,60,140,23.409
Object-69,0.20,200,200,5,0.42,60,60,150,29.482
Object-69,0.20,200,200,5,0.42,60,60,160,26.321
Object-69,0.20,200,200,5,0.42,60,60,170,22.895
Object-70,0.20,200,200,5,0.42,60,100,0,3.833
Object-70,0.20,200,200,5,0.42,60,100,10,15.386
Object-70,0.20,200,200,5,0.42,60,100,20,31.114
Object-70,0.20,200,200,5,0.42,60,100,30,28.893
Object-70,0.20,200,200,5,0.42,60,100,40,27.217
Object-70,0.20,200,200,5,0.42,60,100,50,24.245
Object-70,0.20,200,200,5,0.42,60,100,60,19.740
Object-70,0.20,200,200,5,0.42,60,100,70,16.002
Object-70,0.20,200,200,5,0.42,60,100,80,13.916
Object-70,0.20,200,200,5,0.42,60,100,90,13.650
Object-70,0.20,200,200,5,0.42,60,100,100,13.895
Object-70,0.20,200,200,5,0.42,60,100,110,14.210
Object-70,0.20,200,200,5,0.42,60,100,120,15.097
Object-70,0.20,200,200,5,0.42,60,100,130,18.453
Object-70,0.20,200,200,5,0.42,60,100,140,22.100
Object-70,0.20,200,200,5,0.42,60,100,150,29.920
Object-70,0.20,200,200,5,0.42,60,100,160,24.317
Object-70,0.20,200,200,5,0.42,60,100,170,21.745
Object-71,0.20,200,200,25,0.42,60,60,0,6.724
Object-71,0.20,200,200,25,0.42,60,60,10,17.331
Object-71,0.20,200,200,25,0.42,60,60,20,35.773
Object-71,0.20,200,200,25,0.42,60,60,30,31.000
Object-71,0.20,200,200,25,0.42,60,60,40,28.338
Object-71,0.20,200,200,25,0.42,60,60,50,25.603
Object-71,0.20,200,200,25,0.42,60,60,60,20.333
Object-71,0.20,200,200,25,0.42,60,60,70,16.482
Object-71,0.20,200,200,25,0.42,60,60,80,14.194
Object-71,0.20,200,200,25,0.42,60,60,90,12.535
Object-71,0.20,200,200,25,0.42,60,60,100,13.720
Object-71,0.20,200,200,25,0.42,60,60,110,13.520
Object-71,0.20,200,200,25,0.42,60,60,120,14.885
Object-71,0.20,200,200,25,0.42,60,60,130,18.188
Object-71,0.20,200,200,25,0.42,60,60,140,21.767
Object-71,0.20,200,200,25,0.42,60,60,150,29.193
Object-71,0.20,200,200,25,0.42,60,60,160,28.019
Object-71,0.20,200,200,25,0.42,60,60,170,21.336
Object-72,0.20,200,200,25,0.42,60,100,0,3.627
Object-72,0.20,200,200,25,0.42,60,100,10,16.996
Object-72,0.20,200,200,25,0.42,60,100,20,37.004
Object-72,0.20,200,200,25,0.42,60,100,30,31.947
Object-72,0.20,200,200,25,0.42,60,100,40,30.780
Object-72,0.20,200,200,25,0.42,60,100,50,26.606
Object-72,0.20,200,200,25,0.42,60,100,60,22.998
Object-72,0.20,200,200,25,0.42,60,100,70,18.737
Object-72,0.20,200,200,25,0.42,60,100,80,14.108
Object-72,0.20,200,200,25,0.42,60,100,90,13.343
Object-72,0.20,200,200,25,0.42,60,100,100,12.901
Object-72,0.20,200,200,25,0.42,60,100,110,12.924
Object-72,0.20,200,200,25,0.42,60,100,120,14.553
Object-72,0.20,200,200,25,0.42,60,100,130,17.266
Object-72,0.20,200,200,25,0.42,60,100,140,22.902
Object-72,0.20,200,200,25,0.42,60,100,150,32.744
Object-72,0.20,200,200,25,0.42,60,100,160,26.976
Object-72,0.20,200,200,25,0.42,60,100,170,21.826
Object-73,0.20,200,200,15,0.36,55,80,0,4.764
Object-73,0.20,200,200,15,0.36,55,80,10,17.799
Object-73,0.20,200,200,15,0.36,55,80,20,34.364
Object-73,0.20,200,200,15,0.36,55,80,30,29.692
Object-73,0.20,200,200,15,0.36,55,80,40,27.518
Object-73,0.20,200,200,15,0.36,55,80,50,23.662
Object-73,0.20,200,200,15,0.36,55,80,60,20.536
Object-73,0.20,200,200,15,0.36,55,80,70,16.711
Object-73,0.20,200,200,15,0.36,55,80,80,13.492
Object-73,0.20,200,200,15,0.36,55,80,90,10.657
Object-73,0.20,200,200,15,0.36,55,80,100,13.188
Object-73,0.20,200,200,15,0.36,55,80,110,14.410
Object-73,0.20,200,200,15,0.36,55,80,120,16.114
Object-73,0.20,200,200,15,0.36,55,80,130,18.857
Object-73,0.20,200,200,15,0.36,55,80,140,24.325
Object-73,0.20,200,200,15,0.36,55,80,150,31.644
Object-73,0.20,200,200,15,0.36,55,80,160,24.262
Object-73,0.20,200,200,15,0.36,55,80,170,25.383
Object-74,0.20,200,200,15,0.36,65,80,0,6.771
Object-74,0.20,200,200,15,0.36,65,80,10,17.510
Object-74,0.20,200,200,15,0.36,65,80,20,34.390
Object-74,0.20,200,200,15,0.36,65,80,30,30.319
Object-74,0.20,200,200,15,0.36,65,80,40,30.526
Object-74,0.20,200,200,15,0.36,65,80,50,26.330
Object-74,0.20,200,200,15,0.36,65,80,60,23.564
Object-74,0.20,200,200,15,0.36,65,80,70,19.892
Object-74,0.20,200,200,15,0.36,65,80,80,16.133
Object-74,0.20,200,200,15,0.36,65,80,90,13.853
Object-74,0.20,200,200,15,0.36,65,80,100,13.521
Object-74,0.20,200,200,15,0.36,65,80,110,14.287
Object-74,0.20,200,200,15,0.36,65,80,120,15.929
Object-74,0.20,200,200,15,0.36,65,80,130,19.084
Object-74,0.20,200,200,15,0.36,65,80,140,25.106
Object-74,0.20,200,200,15,0.36,65,80,150,34.169
Object-74,0.20,200,200,15,0.36,65,80,160,22.899
Object-74,0.20,200,200,15,0.36,65,80,170,24.171
Object-75,0.20,200,200,15,0.48,55,80,0,7.806
Object-75,0.20,200,200,15,0.48,55,80,10,15.703
Object-75,0.20,200,200,15,0.48,55,80,20,30.719
Object-75,0.20,200,200,15,0.48,55,80,30,30.220
Object-75,0.20,200,200,15,0.48,55,80,40,26.145
Object-75,0.20,200,200,15,0.48,55,80,50,21.837
Object-75,0.20,200,200,15,0.48,55,80,60,18.487
Object-75,0.20,200,200,15,0.48,55,80,70,15.255
Object-75,0.20,200,200,15,0.48,55,80,80,14.733
Object-75,0.20,200,200,15,0.48,55,80,90,13.153
Object-75,0.20,200,200,15,0.48,55,80,100,13.280
Object-75,0.20,200,200,15,0.48,55,80,110,13.986
Object-75,0.20,200,200,15,0.48,55,80,120,15.442
Object-75,0.20,200,200,15,0.48,55,80,130,17.868
Object-75,0.20,200,200,15,0.48,55,80,140,22.051
Object-75,0.20,200,200,15,0.48,55,80,150,28.781
Object-75,0.20,200,200,15,0.48,55,80,160,23.875
Object-75,0.20,200,200,15,0.48,55,80,170,21.093
Object-76,0.20,200,200,15,0.48,65,80,0,3.885
Object-76,0.20,200,200,15,0.48,65,80,10,18.092
Object-76,0.20,200,200,15,0.48,65,80,20,32.241
Object-76,0.20,200,200,15,0.48,65,80,30,30.772
Object-76,0.20,200,200,15,0.48,65,80,40,27.065
Object-76,0.20,200,200,15,0.48,65,80,50,22.492
Object-76,0.20,200,200,15,0.48,65,80,60,18.488
Object-76,0.20,200,200,15,0.48,65,80,70,15.380
Object-76,0.20,200,200,15,0.48,65,80,80,14.131
Object-76,0.20,200,200,15,0.48,65,80,90,12.753
Object-76,0.20,200,200,15,0.48,65,80,100,13.319
Object-76,0.20,200,200,15,0.48,65,80,110,14.570
Object-76,0.20,200,200,15,0.48,65,80,120,15.137
Object-76,0.20,200,200,15,0.48,65,80,130,18.158
Object-76,0.20,200,200,15,0.48,65,80,140,21.990
Object-76,0.20,200,200,15,0.48,65,80,150,29.351
Object-76,0.20,200,200,15,0.48,65,80,160,32.192
Object-76,0.20,200,200,15,0.48,65,80,170,25.180
Object-77,0.20,200,200,15,0.36,60,60,0,11.606
Object-77,0.20,200,200,15,0.36,60,60,10,18.706
Object-77,0.20,200,200,15,0.36,60,60,20,36.850
Object-77,0.20,200,200,15,0.36,60,60,30,31.479
Object-77,0.20,200,200,15,0.36,60,60,40,31.215
Object-77,0.20,200,200,15,0.36,60,60,50,27.813
Object-77,0.20,200,200,15,0.36,60,60,60,23.644
Object-77,0.20,200,200,15,0.36,60,60,70,20.785
Object-77,0.20,200,200,15,0.36,60,60,80,16.471
Object-77,0.20,200,200,15,0.36,60,60,90,13.935
Object-77,0.20,200,200,15,0.36,60,60,100,12.730
Object-77,0.20,200,200,15,0.36,60,60,110,13.894
Object-77,0.20,200,200,15,0.36,60,60,120,18.563
Object-77,0.20,200,200,15,0.36,60,60,130,19.777
Object-77,0.20,200,200,15,0.36,60,60,140,21.025
Object-77,0.20,200,200,15,0.36,60,60,150,31.935
Object-77,0.20,200,200,15,0.36,60,60,160,24.312
Object-77,0.20,200,200,15,0.36,60,60,170,38.871
Object-78,0.20,200,200,15,0.36,60,100,0,2.979
Object-78,0.20,200,200,15,0.36,60,100,10,16.865
Object-78,0.20,200,200,15,0.36,60,100,20,34.156
Object-78,0.20,200,200,15,0.36,60,100,30,30.199
Object-78,0.20,200,200,15,0.36,60,100,40,28.466
Object-78,0.20,200,200,15,0.36,60,100,50,24.365
Object-78,0.20,200,200,15,0.36,60,100,60,20.449
Object-78,0.20,200,200,15,0.36,60,100,70,17.314
Object-78,0.20,200,200,15,0.36,60,100,80,15.412
Object-78,0.20,200,200,15,0.36,60,100,90,11.469
Object-78,0.20,200,200,15,0.36,60,100,100,13.262
Object-78,0.20,200,200,15,0.36,60,100,110,14.566
Object-78,0.20,200,200,15,0.36,60,100,120,16.719
Object-78,0.20,200,200,15,0.36,60,100,130,18.917
Object-78,0.20,200,200,15,0.36,60,100,140,24.315
Object-78,0.20,200,200,15,0.36,60,100,150,35.081
Object-78,0.20,200,200,15,0.36,60,100,160,22.890
Object-78,0.20,200,200,15,0.36,60,100,170,24.013
Object-79,0.20,200,200,15,0.48,60,60,0,8.198
Object-79,0.20,200,200,15,0.48,60,60,10,16.931
Object-79,0.20,200,200,15,0.48,60,60,20,29.236
Object-79,0.20,200,200,15,0.48,60,60,30,32.504
Object-79,0.20,200,200,15,0.48,60,60,40,28.242
Object-79,0.20,200,200,15,0.48,60,60,50,22.848
Object-79,0.20,200,200,15,0.48,60,60,60,18.845
Object-79,0.20,200,200,15,0.48,60,60,70,15.763
Object-79,0.20,200,200,15,0.48,60,60,80,13.407
Object-79,0.20,200,200,15,0.48,60,60,90,13.740
Object-79,0.20,200,200,15,0.48,60,60,100,13.782
Object-79,0.20,200,200,15,0.48,60,60,110,14.461
Object-79,0.20,200,200,15,0.48,60,60,120,15.577
Object-79,0.20,200,200,15,0.48,60,60,130,18.148
Object-79,0.20,200,200,15,0.48,60,60,140,22.366
Object-79,0.20,200,200,15,0.48,60,60,150,29.008
Object-79,0.20,200,200,15,0.48,60,60,160,24.185
Object-79,0.20,200,200,15,0.48,60,60,170,34.283
Object-80,0.20,200,200,15,0.48,60,100,0,8.258
Object-80,0.20,200,200,15,0.48,60,100,10,18.347
Object-80,0.20,200,200,15,0.48,60,100,20,28.537
Object-80,0.20,200,200,15,0.48,60,100,30,30.796
Object-80,0.20,200,200,15,0.48,60,100,40,26.503
Object-80,0.20,200,200,15,0.48,60,100,50,22.817
Object-80,0.20,200,200,15,0.48,60,100,60,18.206
Object-80,0.20,200,200,15,0.48,60,100,70,15.622
Object-80,0.20,200,200,15,0.48,60,100,80,13.560
Object-80,0.20,200,200,15,0.48,60,100,90,12.973
Object-80,0.20,200,200,15,0.48,60,100,100,13.483
Object-80,0.20,200,200,15,0.48,60,100,110,14.143
Object-80,0.20,200,200,15,0.48,60,100,120,15.087
Object-80,0.20,200,200,15,0.48,60,100,130,17.946
Object-80,0.20,200,200,15,0.48,60,100,140,21.811
Object-80,0.20,200,200,15,0.48,60,100,150,29.453
Object-80,0.20,200,200,15,0.48,60,100,160,29.235
Object-80,0.20,200,200,15,0.48,60,100,170,22.364
Object-81,0.20,200,200,15,0.42,55,60,0,4.631
Object-81,0.20,200,200,15,0.42,55,60,10,20.676
Object-81,0.20,200,200,15,0.42,55,60,20,36.586
Object-81,0.20,200,200,15,0.42,55,60,30,30.193
Object-81,0.20,200,200,15,0.42,55,60,40,28.982
Object-81,0.20,200,200,15,0.42,55,60,50,24.387
Object-81,0.20,200,200,15,0.42,55,60,60,19.849
Object-81,0.20,200,200,15,0.42,55,60,70,16.577
Object-81,0.20,200,200,15,0.42,55,60,80,14.267
Object-81,0.20,200,200,15,0.42,55,60,90,13.131
Object-81,0.20,200,200,15,0.42,55,60,100,12.986
Object-81,0.20,200,200,15,0.42,55,60,110,13.273
Object-81,0.20,200,200,15,0.42,55,60,120,14.589
Object-81,0.20,200,200,15,0.42,55,60,130,18.058
Object-81,0.20,200,200,15,0.42,55,60,140,22.594
Object-81,0.20,200,200,15,0.42,55,60,150,32.364
Object-81,0.20,200,200,15,0.42,55,60,160,23.749
Object-81,0.20,200,200,15,0.42,55,60,170,21.542
Object-82,0.20,200,200,15,0.42,55,100,0,4.654
Object-82,0.20,200,200,15,0.42,55,100,10,17.493
Object-82,0.20,200,200,15,0.42,55,100,20,36.929
Object-82,0.20,200,200,15,0.42,55,100,30,29.640
Object-82,0.20,200,200,15,0.42,55,100,40,28.995
Object-82,0.20,200,200,15,0.42,55,100,50,26.867
Object-82,0.20,200,200,15,0.42,55,100,60,22.596
Object-82,0.20,200,200,15,0.42,55,100,70,19.410
Object-82,0.20,200,200,15,0.42,55,100,80,14.260
Object-82,0.20,200,200,15,0.42,55,100,90,13.877
Object-82,0.20,200,200,15,0.42,55,100,100,12.352
Object-82,0.20,200,200,15,0.42,55,100,110,12.199
Object-82,0.20,200,200,15,0.42,55,100,120,14.053
Object-82,0.20,200,200,15,0.42,55,100,130,17.473
Object-82,0.20,200,200,15,0.42,55,100,140,21.873
Object-82,0.20,200,200,15,0.42,55,100,150,31.623
Object-82,0.20,200,200,15,0.42,55,100,160,21.809
Object-82,0.20,200,200,15,0.42,55,100,170,22.729
Object-83,0.20,200,200,15,0.42,65,60,0,3.247
Object-83,0.20,200,200,15,0.42,65,60,10,16.305
Object-83,0.20,200,200,15,0.42,65,60,20,31.115
Object-83,0.20,200,200,15,0.42,65,60,30,30.231
Object-83,0.20,200,200,15,0.42,65,60,40,26.127
Object-83,0.20,200,200,15,0.42,65,60,50,22.094
Object-83,0.20,200,200,15,0.42,65,60,60,17.432
Object-83,0.20,200,200,15,0.42,65,60,70,14.490
Object-83,0.20,200,200,15,0.42,65,60,80,14.174
Object-83,0.20,200,200,15,0.42,65,60,90,10.997
Object-83,0.20,200,200,15,0.42,65,60,100,13.422
Object-83,0.20,200,200,15,0.42,65,60,110,15.005
Object-83,0.20,200,200,15,0.42,65,60,120,16.663
Object-83,0.20,200,200,15,0.42,65,60,130,19.033
Object-83,0.20,200,200,15,0.42,65,60,140,24.852
Object-83,0.20,200,200,15,0.42,65,60,150,34.112
Object-83,0.20,200,200,15,0.42,65,60,160,22.118
Object-83,0.20,200,200,15,0.42,65,60,170,34.473
Object-84,0.20,200,200,15,0.42,65,100,0,6.187
Object-84,0.20,200,200,15,0.42,65,100,10,16.238
Object-84,0.20,200,200,15,0.42,65,100,20,33.468
Object-84,0.20,200,200,15,0.42,65,100,30,31.244
Object-84,0.20,200,200,15,0.42,65,100,40,29.859
Object-84,0.20,200,200,15,0.42,65,100,50,24.632
Object-84,0.20,200,200,15,0.42,65,100,60,21.397
Object-84,0.20,200,200,15,0.42,65,100,70,17.019
Object-84,0.20,200,200,15,0.42,65,100,80,13.660
Object-84,0.20,200,200,15,0.42,65,100,90,13.949
Object-84,0.20,200,200,15,0.42,65,100,100,13.592
Object-84,0.20,200,200,15,0.42,65,100,110,14.247
Object-84,0.20,200,200,15,0.42,65,100,120,14.970
Object-84,0.20,200,200,15,0.42,65,100,130,18.368
Object-84,0.20,200,200,15,0.42,65,100,140,23.227
Object-84,0.20,200,200,15,0.42,65,100,150,32.453
Object-84,0.20,200,200,15,0.42,65,100,160,28.725
Object-84,0.20,200,200,15,0.42,65,100,170,22.239
Object-85,0.20,200,200,15,0.42,60,80,0,7.925
Object-85,0.20,200,200,15,0.42,60,80,10,15.733
Object-85,0.20,200,200,15,0.42,60,80,20,29.728
Object-85,0.20,200,200,15,0.42,60,80,30,31.683
Object-85,0.20,200,200,15,0.42,60,80,40,27.912
Object-85,0.20,200,200,15,0.42,60,80,50,23.655
Object-85,0.20,200,200,15,0.42,60,80,60,20.725
Object-85,0.20,200,200,15,0.42,60,80,70,16.875
Object-85,0.20,200,200,15,0.42,60,80,80,15.162
Object-85,0.20,200,200,15,0.42,60,80,90,13.210
Object-85,0.20,200,200,15,0.42,60,80,100,13.490
Object-85,0.20,200,200,15,0.42,60,80,110,13.763
Object-85,0.20,200,200,15,0.42,60,80,120,15.590
Object-85,0.20,200,200,15,0.42,60,80,130,18.429
Object-85,0.20,200,200,15,0.42,60,80,140,22.232
Object-85,0.20,200,200,15,0.42,60,80,150,32.096
Object-85,0.20,200,200,15,0.42,60,80,160,21.236
Object-85,0.20,200,200,15,0.42,60,80,170,25.583
Object-86,0.20,200,200,15,0.42,60,80,0,7.207
Object-86,0.20,200,200,15,0.42,60,80,10,15.070
Object-86,0.20,200,200,15,0.42,60,80,20,29.660
Object-86,0.20,200,200,15,0.42,60,80,30,31.615
Object-86,0.20,200,200,15,0.42,60,80,40,27.683
Object-86,0.20,200,200,15,0.42,60,80,50,24.235
Object-86,0.20,200,200,15,0.42,60,80,60,20.122
Object-86,0.20,200,200,15,0.42,60,80,70,16.767
Object-86,0.20,200,200,15,0.42,60,80,80,14.899
Object-86,0.20,200,200,15,0.42,60,80,90,13.081
Object-86,0.20,200,200,15,0.42,60,80,100,13.360
Object-86,0.20,200,200,15,0.42,60,80,110,13.900
Object-86,0.20,200,200,15,0.42,60,80,120,15.782
Object-86,0.20,200,200,15,0.42,60,80,130,18.235
Object-86,0.20,200,200,15,0.42,60,80,140,22.203
Object-86,0.20,200,200,15,0.42,60,80,150,32.002
Object-86,0.20,200,200,15,0.42,60,80,160,21.333
Object-86,0.20,200,200,15,0.42,60,80,170,24.593
Object-87,0.20,200,200,15,0.42,60,80,0,7.991
Object-87,0.20,200,200,15,0.42,60,80,10,15.920
Object-87,0.20,200,200,15,0.42,60,80,20,30.112
Object-87,0.20,200,200,15,0.42,60,80,30,31.479
Object-87,0.20,200,200,15,0.42,60,80,40,28.042
Object-87,0.20,200,200,15,0.42,60,80,50,23.053
Object-87,0.20,200,200,15,0.42,60,80,60,20.797
Object-87,0.20,200,200,15,0.42,60,80,70,16.756
Object-87,0.20,200,200,15,0.42,60,80,80,14.863
Object-87,0.20,200,200,15,0.42,60,80,90,13.237
Object-87,0.20,200,200,15,0.42,60,80,100,13.378
Object-87,0.20,200,200,15,0.42,60,80,110,14.046
Object-87,0.20,200,200,15,0.42,60,80,120,15.391
Object-87,0.20,200,200,15,0.42,60,80,130,18.139
Object-87,0.20,200,200,15,0.42,60,80,140,21.939
Object-87,0.20,200,200,15,0.42,60,80,150,32.224
Object-87,0.20,200,200,15,0.42,60,80,160,21.027
Object-87,0.20,200,200,15,0.42,60,80,170,25.682
